time,latitude,longitude,depth,mag,magType,nst,gap,dmin,rms,net,id,updated,place,type,horizontalError,depthError,magError,magNst,status,locationSource,magSource
1976-01-19T06:20:39.500Z,36.883,-83.825,5,4,mb,,,,,us,usp0000ejd,2014-11-06T23:21:33.583Z,eastern Kentucky,earthquake,,,,,reviewed,us,us
1976-04-08T06:17:57.400Z,37.2,-88.96,5,2.1,mlg,,,,,nm,nm600389,2016-04-14T13:08:00.840Z,"13km N of La Center, Kentucky",earthquake,,,,,reviewed,nm,nm
1976-04-08T16:28:17.800Z,37.12,-88.88,5,2.2,mlg,,,,,nm,nm600390,2016-04-14T13:08:06.920Z,"9km ENE of La Center, Kentucky",earthquake,,,,,reviewed,nm,nm
1976-07-23T11:38:36.300Z,36.91,-88.96,5,1.7,mlg,,,,,nm,nm600442,2016-04-14T13:13:23.120Z,"6km NE of Bardwell, Kentucky",earthquake,,,,,reviewed,nm,nm
1976-07-23T11:45:37.900Z,36.91,-88.96,5,1.4,mlg,,,,,nm,nm600443,2016-04-14T13:13:29.210Z,"6km NE of Bardwell, Kentucky",earthquake,,,,,reviewed,nm,nm
1976-07-27T14:54:10.700Z,36.9,-88.96,5,2.3,mlg,,,,,nm,nm600448,2016-04-14T13:13:59.640Z,"5km NE of Bardwell, Kentucky",earthquake,,,,,reviewed,nm,nm
1976-07-27T15:00:54.200Z,36.92,-88.97,5,2.3,mlg,,,,,nm,nm600449,2016-04-14T13:14:05.730Z,"6km NNE of Bardwell, Kentucky",earthquake,,,,,reviewed,nm,nm
1976-07-27T15:08:04.200Z,36.91,-88.96,5,1.3,mlg,,,,,nm,nm600450,2016-04-14T13:14:11.800Z,"6km NE of Bardwell, Kentucky",earthquake,,,,,reviewed,nm,nm
1976-08-07T06:39:24.200Z,36.92,-88.97,5,1.6,mlg,,,,,nm,nm600453,2016-04-14T13:14:30.070Z,"6km NNE of Bardwell, Kentucky",earthquake,,,,,reviewed,nm,nm
1976-10-19T07:15:58.300Z,37.08,-88.77,5,1.6,mlg,,,,,nm,nm600483,2016-04-14T13:17:32.410Z,"7km NNW of Massac, Kentucky",earthquake,,,,,reviewed,nm,nm
1977-02-28T23:48:18.800Z,39.17,-88.4,5,2.9,mlg,,,,,nm,nm600547,2016-04-14T13:24:01.510Z,"7km ENE of Teutopolis, Illinois",earthquake,,,,,reviewed,nm,nm
1977-06-06T03:46:39.000Z,36.91,-89.12,5,1.5,mlg,,,,,nm,nm600576,2016-04-14T13:26:45.620Z,"6km SSW of Wickliffe, Kentucky",earthquake,,,,,reviewed,nm,nm
1977-06-15T03:31:04.400Z,37.66,-88.31,10,1.8,mlg,,,,,nm,nm600581,2016-04-14T13:27:16.020Z,"12km WSW of Shawneetown, Illinois",earthquake,,,,,reviewed,nm,nm
1977-06-17T15:39:47.300Z,40.707,-84.582,5,3.2,,,,,,us,usp0000pba,2014-11-06T23:21:42.526Z,Ohio,earthquake,,,,,reviewed,us,aam
1978-01-22T20:18:35.000Z,37.22,-88.3,5,1.9,mlg,,,,,nm,nm600657,2016-04-14T13:34:58.160Z,"12km NE of Smithland, Kentucky",earthquake,,,,,reviewed,nm,nm
1978-01-28T16:40:58.800Z,38.24,-88.01,5,2.7,mlg,,,,,nm,nm600660,2016-04-14T13:35:16.400Z,"2km SW of Grayville, Illinois",earthquake,,,,,reviewed,nm,nm
1978-02-16T09:25:37.000Z,39.8,-88.23,5,2.7,mlg,,,,,nm,nm600665,2016-04-14T13:35:40.710Z,"4km E of Tuscola, Illinois",earthquake,,,,,reviewed,nm,nm
1978-05-21T05:51:07.300Z,36.85,-89.09,11.2,1.6,mlg,,,,,nm,nm600714,2016-04-14T13:41:18.210Z,"7km WSW of Bardwell, Kentucky",earthquake,,,,,reviewed,nm,nm
1978-05-25T12:55:49.300Z,36.86,-89.09,8.7,2.3,mlg,,,,,nm,nm600719,2016-04-14T13:41:52.130Z,"7km W of Bardwell, Kentucky",earthquake,,,,,reviewed,nm,nm
1978-05-26T04:41:12.000Z,36.86,-89.09,5,1.9,mlg,,,,,nm,nm600721,2016-04-14T13:42:05.910Z,"7km W of Bardwell, Kentucky",earthquake,,,,,reviewed,nm,nm
1978-06-02T02:07:28.800Z,38.42,-88.46,20,3.7,mlg,,,,,nm,nm600726,2016-04-14T13:43:51.146Z,"9km WNW of Fairfield, Illinois",earthquake,,,,,reviewed,nm,nm
1978-06-19T08:54:16.200Z,38.21,-88.39,5,2.2,mlg,,,,,nm,nm600738,2016-04-14T13:44:03.300Z,"18km S of Fairfield, Illinois",earthquake,,,,,reviewed,nm,nm
1978-08-29T07:05:50.300Z,38.53,-88.22,16.8,2.4,mlg,,,,,nm,nm600784,2016-04-14T13:48:53.980Z,"20km NE of Fairfield, Illinois",earthquake,,,,,reviewed,nm,nm
1978-09-22T11:29:10.500Z,38.3,-88.41,15,2.1,mlg,,,,,nm,nm600809,2016-04-14T13:51:25.990Z,"9km SSW of Fairfield, Illinois",earthquake,,,,,reviewed,nm,nm
1978-10-27T01:46:03.100Z,37.07,-89.1,5,1.5,mlg,,,,,nm,nm600836,2016-04-14T13:54:10.140Z,"5km ESE of Mound City, Illinois",earthquake,,,,,reviewed,nm,nm
1978-11-14T18:32:30.700Z,37.48,-88.09,5,1.6,mlg,,,,,nm,nm600859,2016-04-14T13:56:30.200Z,"11km SW of Sturgis, Kentucky",earthquake,,,,,reviewed,nm,nm
1978-12-05T01:48:01.300Z,38.62,-88.36,25,3.5,mlg,,,,,nm,nm600875,2016-04-14T13:59:18.258Z,"12km ESE of Flora, Illinois",earthquake,,,,,reviewed,nm,nm
1978-12-05T07:00:38.600Z,36.81,-89.06,5,2.5,mlg,,,,,nm,nm600877,2016-04-14T13:58:19.590Z,"8km SSW of Bardwell, Kentucky",earthquake,,,,,reviewed,nm,nm
1978-12-11T07:48:57.900Z,38.08,-88.81,19.4,2.2,mlg,,,,,nm,nm600882,2016-04-14T13:58:49.970Z,"11km SE of Ina, Illinois",earthquake,,,,,reviewed,nm,nm
1979-02-17T06:52:37.900Z,36.99,-88.95,3.8,2.6,mlg,,,,,nm,nm600942,2016-04-14T14:04:54.810Z,"9km SSE of La Center, Kentucky",earthquake,,,,,reviewed,nm,nm
1979-06-27T01:37:44.300Z,36.92,-89.07,6.5,2.6,mlg,,,,,nm,nm601017,2016-04-14T14:12:30.770Z,"5km SSE of Wickliffe, Kentucky",earthquake,,,,,reviewed,nm,nm
1979-07-03T02:22:15.200Z,36.91,-89.02,11.7,1.2,mlg,,,,,nm,nm601022,2016-04-14T14:13:01.140Z,"4km NNW of Bardwell, Kentucky",earthquake,,,,,reviewed,nm,nm
1979-07-07T04:56:18.400Z,37.1,-88.82,11.4,1.1,mlg,,,,,nm,nm601024,2016-04-14T14:13:13.290Z,"9km SW of Metropolis, Illinois",earthquake,,,,,reviewed,nm,nm
1979-10-01T00:33:36.300Z,37.08,-89.06,5,1.6,mlg,,,,,nm,nm601082,2016-04-14T14:19:05.800Z,"7km W of La Center, Kentucky",earthquake,,,,,reviewed,nm,nm
1979-12-14T10:46:49.100Z,38.02,-89.02,9.7,1.7,mlg,,,,,nm,nm601125,2016-04-14T14:23:27.200Z,"6km NNE of Christopher, Illinois",earthquake,,,,,reviewed,nm,nm
1980-01-26T02:20:09.100Z,37.8,-88.81,0.6,2.4,md,,,,,nm,nm601146,2016-04-14T14:25:34.990Z,"10km ESE of Johnston City, Illinois",earthquake,,,,,reviewed,nm,nm
1980-02-09T03:46:17.200Z,37.71,-88.42,4.5,1.7,md,,,,,nm,nm601158,2016-04-14T14:26:47.940Z,"11km ESE of Harrisburg, Illinois",earthquake,,,,,reviewed,nm,nm
1980-03-13T02:23:13.400Z,37.93,-88.45,18.7,3.3,md,,,,,nm,nm601166,2016-04-14T14:27:36.590Z,"12km N of Eldorado, Illinois",earthquake,,,,,reviewed,nm,nm
1980-03-23T21:38:15.000Z,37.63,-86.69,5.9,3.1,md,,,,,nm,nm601168,2016-04-14T14:27:48.750Z,"23km SSW of Cloverport, Kentucky",earthquake,,,,,reviewed,nm,nm
1980-03-29T08:43:40.300Z,37.21,-89.06,5,2.8,md,,,,,nm,nm601170,2016-04-14T14:28:00.900Z,"16km NNW of La Center, Kentucky",earthquake,,,,,reviewed,nm,nm
1980-04-03T00:41:18.400Z,37.12,-88.88,5,2,md,,,,,nm,nm601171,2016-04-14T14:28:06.980Z,"9km ENE of La Center, Kentucky",earthquake,,,,,reviewed,nm,nm
1980-07-12T23:59:54.800Z,37.265,-86.988,0,3.1,,,,,,us,usp00018uf,2014-11-06T23:24:24.249Z,western Kentucky,explosion,,,,,reviewed,us,gs
1980-07-27T18:52:21.800Z,38.174,-83.907,8,5.1,mb,,,,,us,usp000193y,2016-11-09T23:04:58.872Z,"14km N of Mount Sterling, Kentucky",earthquake,,,,,reviewed,s,us
1980-07-31T09:26:56.300Z,38.198,-83.922,13,2.5,,,,,,us,usp000196f,2014-11-06T23:24:24.955Z,eastern Kentucky,earthquake,,,,,reviewed,gl,gs
1980-08-23T03:49:02.500Z,37.995,-84.922,5,3.1,,,,,,us,usp00019gs,2014-11-06T23:24:25.492Z,eastern Kentucky,earthquake,,,,,reviewed,us,slm
1980-08-25T11:41:36.900Z,38.2,-83.91,13,2.5,,,,,,us,usp00019j5,2014-11-06T23:24:25.555Z,eastern Kentucky,earthquake,,,,,reviewed,us,gs
1980-12-30T03:07:08.100Z,38.2,-83.91,11,1.6,ml,,,,,us,usp0001bhc,2014-11-06T23:24:28.468Z,eastern Kentucky,earthquake,,,,,reviewed,i,teic
1981-04-27T03:37:56.600Z,37.72,-88.85,2.2,2.3,md,,,,,nm,nm601429,2016-04-14T14:54:09.530Z,"7km E of Marion, Illinois",earthquake,,,,,reviewed,nm,nm
1981-06-09T14:15:47.700Z,37.82,-89.02,20.3,3.4,md,,,,,nm,nm601471,2016-04-14T14:58:25.060Z,"1km NNE of Herrin, Illinois",earthquake,,,,,reviewed,nm,nm
1981-07-03T19:00:36.500Z,37.44,-88.67,26,1.3,md,,,,,nm,nm601484,2016-04-14T14:59:44.070Z,"18km WNW of Golconda, Illinois",earthquake,,,,,reviewed,nm,nm
1981-08-17T17:02:53.600Z,38.47,-88.35,11.6,2.1,md,,,,,nm,nm601527,2016-04-14T15:04:05.400Z,"10km N of Fairfield, Illinois",earthquake,,,,,reviewed,nm,nm
1981-09-12T15:26:12.600Z,38.35,-88.16,20.4,1.5,md,,,,,nm,nm601572,2016-04-14T15:08:38.930Z,"9km WSW of Albion, Illinois",earthquake,,,,,reviewed,nm,nm
1981-09-16T01:10:52.200Z,37.17,-89.08,11.6,1.8,md,,,,,nm,nm601574,2016-04-14T15:08:51.080Z,"11km NE of Mound City, Illinois",earthquake,,,,,reviewed,nm,nm
1982-03-27T04:48:49.600Z,38.74,-88.69,14.8,2.7,md,,,,,nm,nm601667,2016-04-14T15:18:16.390Z,"16km WSW of Louisville, Illinois",earthquake,,,,,reviewed,nm,nm
1982-07-22T19:32:17.700Z,38.34,-88.23,24,2.2,md,,,,,nm,nm601752,2016-04-14T15:26:53.310Z,"12km ESE of Fairfield, Illinois",earthquake,,,,,reviewed,nm,nm
1982-08-11T10:32:38.800Z,37.25,-88.73,6.1,2.8,md,,,,,nm,nm601763,2016-04-14T15:28:00.150Z,"10km N of Metropolis, Illinois",earthquake,,,,,reviewed,nm,nm
1982-08-11T10:33:38.560Z,37.26,-88.74,7,2.9,md,,,,,nm,nm601764,2016-04-14T15:28:06.230Z,"12km N of Metropolis, Illinois",earthquake,,,,,reviewed,nm,nm
1982-08-11T10:37:19.900Z,37.32,-88.73,2.6,1.6,md,,,,,nm,nm601765,2016-04-14T15:28:12.300Z,"18km N of Metropolis, Illinois",earthquake,,,,,reviewed,nm,nm
1982-09-02T11:30:59.300Z,37.94,-87.74,12,1.3,md,,,,,nm,nm601783,2016-04-14T15:30:01.710Z,"13km E of Mount Vernon, Indiana",earthquake,,,,,reviewed,nm,nm
1982-10-06T05:35:12.900Z,38.38,-88.64,10,1.6,md,,,,,nm,nm601826,2016-04-14T15:34:10.910Z,"5km NW of Wayne City, Illinois",earthquake,,,,,reviewed,nm,nm
1982-10-17T02:50:17.550Z,36.92,-89.05,7.7,1.7,md,,,,,nm,nm601832,2016-04-14T15:34:47.370Z,"6km NNW of Bardwell, Kentucky",earthquake,,,,,reviewed,nm,nm
1982-10-23T11:52:56.500Z,37.28,-86.89,5,1.8,md,,,,,se,se601842,2016-04-14T19:18:09.830Z,"13km WSW of Oak Grove, Kentucky",earthquake,,,,,reviewed,se,se
1982-12-02T10:58:51.900Z,36.9,-88.97,2.9,2.5,md,,,,,nm,nm601861,2016-04-14T15:37:37.550Z,"4km NE of Bardwell, Kentucky",earthquake,,,,,reviewed,nm,nm
1983-02-23T08:09:15.880Z,37.028,-88.869,21.2,2.4,md,,,,,nm,nm601916,2016-04-14T15:42:53.630Z,"10km ESE of La Center, Kentucky",earthquake,,,,,reviewed,nm,nm
1983-05-16T23:33:29.600Z,38.75,-87.96,20.2,2.6,md,,,,,nm,nm601954,2016-04-14T15:46:44.600Z,"9km WNW of Sumner, Illinois",earthquake,,,,,reviewed,nm,nm
1983-05-21T10:25:41.200Z,37.21,-89.08,5.7,1.3,md,,,,,nm,nm601955,2016-04-14T15:46:50.680Z,"15km NNE of Mound City, Illinois",earthquake,,,,,reviewed,nm,nm
1983-05-21T20:52:58.200Z,38.11,-88.01,15.4,1.5,md,,,,,nm,nm601956,2016-04-14T15:46:56.750Z,"13km E of Carmi, Illinois",earthquake,,,,,reviewed,nm,nm
1983-06-03T22:39:00.600Z,38.14,-88.41,22.1,2.7,md,,,,,nm,nm601959,2016-04-14T15:47:08.900Z,"12km ENE of McLeansboro, Illinois",earthquake,,,,,reviewed,nm,nm
1983-08-22T13:13:15.200Z,38.28,-88.02,18.3,1.6,md,,,,,nm,nm602023,2016-04-14T15:53:25.940Z,"3km NW of Grayville, Illinois",earthquake,,,,,reviewed,nm,nm
1983-11-09T02:36:15.800Z,38.64,-89.07,2.8,1.6,md,,,,,nm,nm602066,2016-04-14T15:57:23.320Z,"2km NNW of Odin, Illinois",earthquake,,,,,reviewed,nm,nm
1983-11-18T03:43:27.600Z,37.21,-89.01,9.9,1.2,md,,,,,nm,nm602073,2016-04-14T15:58:05.900Z,"15km NNW of La Center, Kentucky",earthquake,,,,,reviewed,nm,nm
1983-11-22T10:37:06.300Z,37.23,-89,3,2.5,md,,,,,nm,nm602075,2016-04-14T15:58:18.050Z,"17km N of La Center, Kentucky",earthquake,,,,,reviewed,nm,nm
1983-11-22T10:40:49.100Z,37.2,-88.99,5,1.4,md,,,,,nm,nm602076,2016-04-14T15:58:24.130Z,"13km N of La Center, Kentucky",earthquake,,,,,reviewed,nm,nm
1983-12-10T14:12:06.700Z,37.88,-88.68,5,1.8,md,,,,,nm,nm602088,2016-04-14T15:59:37.090Z,"19km NW of Harrisburg, Illinois",earthquake,,,,,reviewed,nm,nm
1983-12-20T11:54:52.000Z,37.67,-88.4,3,2.8,md,,,,,nm,nm602091,2016-04-14T15:59:55.320Z,"14km ESE of Harrisburg, Illinois",earthquake,,,,,reviewed,nm,nm
1983-12-26T08:01:29.800Z,37.24,-88.99,2,1.6,md,,,,,nm,nm602098,2016-04-14T16:00:37.920Z,"18km N of La Center, Kentucky",earthquake,,,,,reviewed,nm,nm
1983-12-30T16:01:33.000Z,37.22,-89,1.5,1.5,md,,,,,nm,nm602106,2016-04-14T16:01:26.550Z,"16km N of La Center, Kentucky",earthquake,,,,,reviewed,nm,nm
1983-12-31T11:59:56.100Z,37.21,-89.01,2.1,2.6,md,,,,,nm,nm602107,2016-04-14T16:01:32.630Z,"15km NNW of La Center, Kentucky",earthquake,,,,,reviewed,nm,nm
1983-12-31T12:27:34.300Z,37.22,-88.98,2,1,md,,,,,nm,nm602108,2016-04-14T16:01:38.700Z,"15km N of La Center, Kentucky",earthquake,,,,,reviewed,nm,nm
1984-01-05T16:10:06.200Z,37.21,-89.02,1.5,2,md,,,,,nm,nm602109,2016-04-14T16:01:44.780Z,"15km NNW of La Center, Kentucky",earthquake,,,,,reviewed,nm,nm
1984-02-09T21:47:36.300Z,37.21,-89.02,9.4,1.3,md,,,,,nm,nm602134,2016-04-14T16:03:58.550Z,"15km NNW of La Center, Kentucky",earthquake,,,,,reviewed,nm,nm
1984-02-13T22:42:45.300Z,37.21,-89.02,5,3.2,md,,,,,nm,nm602138,2016-04-14T16:04:22.880Z,"15km NNW of La Center, Kentucky",earthquake,,,,,reviewed,nm,nm
1984-02-13T23:07:08.600Z,37.22,-89.01,5,2.3,md,,,,,nm,nm602139,2016-04-14T16:04:28.960Z,"16km NNW of La Center, Kentucky",earthquake,,,,,reviewed,nm,nm
1984-02-14T01:25:06.900Z,37.21,-89.03,10.2,1,md,,,,,nm,nm602143,2016-04-14T16:04:53.280Z,"15km NNW of La Center, Kentucky",earthquake,,,,,reviewed,nm,nm
1984-02-14T01:40:57.300Z,37.21,-89.02,7,1.3,md,,,,,nm,nm602145,2016-04-14T16:05:05.450Z,"15km NNW of La Center, Kentucky",earthquake,,,,,reviewed,nm,nm
1984-02-14T01:54:38.100Z,37.21,-89.01,5,1.6,md,,,,,nm,nm602146,2016-04-14T16:05:11.520Z,"15km NNW of La Center, Kentucky",earthquake,,,,,reviewed,nm,nm
1984-02-14T01:57:21.600Z,37.21,-89.01,5,2.3,md,,,,,nm,nm602147,2016-04-14T16:05:17.600Z,"15km NNW of La Center, Kentucky",earthquake,,,,,reviewed,nm,nm
1984-02-14T02:04:59.200Z,37.23,-88.99,5,1.3,md,,,,,nm,nm602148,2016-04-14T16:05:23.680Z,"17km N of La Center, Kentucky",earthquake,,,,,reviewed,nm,nm
1984-02-14T03:27:09.500Z,37.21,-89.02,2,2.4,md,,,,,nm,nm602153,2016-04-14T16:05:54.110Z,"15km NNW of La Center, Kentucky",earthquake,,,,,reviewed,nm,nm
1984-02-14T03:53:11.700Z,37.21,-89.01,2,2.6,md,,,,,nm,nm602155,2016-04-14T16:06:06.280Z,"15km NNW of La Center, Kentucky",earthquake,,,,,reviewed,nm,nm
1984-02-14T06:06:45.900Z,37.21,-89.01,1.2,2.5,md,,,,,nm,nm602163,2016-04-14T16:06:54.950Z,"15km NNW of La Center, Kentucky",earthquake,,,,,reviewed,nm,nm
1984-02-14T08:10:20.200Z,37.22,-89.01,6,1,md,,,,,nm,nm602168,2016-04-14T16:07:25.390Z,"16km NNW of La Center, Kentucky",earthquake,,,,,reviewed,nm,nm
1984-02-14T08:37:19.500Z,37.26,-88.97,14.9,1.3,md,,,,,nm,nm602171,2016-04-14T16:07:43.650Z,"18km SSW of Vienna, Illinois",earthquake,,,,,reviewed,nm,nm
1984-02-14T14:59:06.000Z,37.19,-89,2,1.3,md,,,,,nm,nm602182,2016-04-14T16:08:50.530Z,"12km N of La Center, Kentucky",earthquake,,,,,reviewed,nm,nm
1984-02-14T16:08:46.600Z,37.21,-89.01,5,1,md,,,,,nm,nm602184,2016-04-14T16:09:02.690Z,"15km NNW of La Center, Kentucky",earthquake,,,,,reviewed,nm,nm
1984-02-14T16:16:05.700Z,37.21,-89.03,9.7,1.2,md,,,,,nm,nm602185,2016-04-14T16:09:08.770Z,"15km NNW of La Center, Kentucky",earthquake,,,,,reviewed,nm,nm
1984-02-14T21:08:44.500Z,37.22,-89,6.1,1.2,md,,,,,nm,nm602187,2016-04-14T16:09:20.930Z,"16km N of La Center, Kentucky",earthquake,,,,,reviewed,nm,nm
1984-02-14T22:56:20.400Z,37.21,-89,2,3.6,md,,,,,nm,nm602188,2016-04-14T16:10:39.689Z,"14km N of La Center, Kentucky",earthquake,,,,,reviewed,nm,nm
1984-02-14T23:04:13.800Z,37.35,-89.03,15.9,1,md,,,,,nm,nm602189,2016-04-14T16:09:33.080Z,"13km WSW of Vienna, Illinois",earthquake,,,,,reviewed,nm,nm
1984-02-14T23:37:47.000Z,37.2,-89.02,2,1.1,md,,,,,nm,nm602194,2016-04-14T16:10:03.490Z,"14km NNW of La Center, Kentucky",earthquake,,,,,reviewed,nm,nm
1984-02-15T00:04:24.400Z,37.21,-89.01,4.5,1.1,md,,,,,nm,nm602195,2016-04-14T16:10:09.570Z,"15km NNW of La Center, Kentucky",earthquake,,,,,reviewed,nm,nm
1984-02-15T02:12:59.500Z,37.22,-89.01,6.2,1.7,md,,,,,nm,nm602201,2016-04-14T16:10:46.050Z,"16km NNW of La Center, Kentucky",earthquake,,,,,reviewed,nm,nm
1984-02-15T03:59:59.400Z,37.21,-89.01,7.7,1,md,,,,,nm,nm602205,2016-04-14T16:11:10.360Z,"15km NNW of La Center, Kentucky",earthquake,,,,,reviewed,nm,nm
1984-02-15T04:29:17.100Z,37.21,-89.02,12.4,1,md,,,,,nm,nm602206,2016-04-14T16:11:16.430Z,"15km NNW of La Center, Kentucky",earthquake,,,,,reviewed,nm,nm
1984-02-15T18:30:08.900Z,37.2,-89.02,5.8,1.3,md,,,,,nm,nm602217,2016-04-14T16:12:23.290Z,"14km NNW of La Center, Kentucky",earthquake,,,,,reviewed,nm,nm
1984-02-15T18:59:12.800Z,37.21,-89.01,5,2.1,md,,,,,nm,nm602218,2016-04-14T16:12:29.370Z,"15km NNW of La Center, Kentucky",earthquake,,,,,reviewed,nm,nm
1984-02-15T20:51:01.800Z,37.22,-89.01,10,1.1,md,,,,,nm,nm602220,2016-04-14T16:12:41.520Z,"16km NNW of La Center, Kentucky",earthquake,,,,,reviewed,nm,nm
1984-02-15T21:46:41.300Z,37.22,-89.01,10,1.2,md,,,,,nm,nm602221,2016-04-14T16:12:47.590Z,"16km NNW of La Center, Kentucky",earthquake,,,,,reviewed,nm,nm
1984-02-15T23:29:36.700Z,37.22,-89.01,5,2.6,md,,,,,nm,nm602224,2016-04-14T16:13:05.870Z,"16km NNW of La Center, Kentucky",earthquake,,,,,reviewed,nm,nm
1984-02-15T23:57:16.700Z,37.22,-89.01,5.4,1.2,md,,,,,nm,nm602226,2016-04-14T16:13:18.020Z,"16km NNW of La Center, Kentucky",earthquake,,,,,reviewed,nm,nm
1984-02-16T00:41:28.500Z,37.21,-89.01,5,2.4,md,,,,,nm,nm602228,2016-04-14T16:13:30.170Z,"15km NNW of La Center, Kentucky",earthquake,,,,,reviewed,nm,nm
1984-02-16T00:46:48.800Z,37.22,-89.01,10,1.6,md,,,,,nm,nm602229,2016-04-14T16:13:36.240Z,"16km NNW of La Center, Kentucky",earthquake,,,,,reviewed,nm,nm
1984-02-16T01:11:19.500Z,37.22,-89.01,6.2,1,md,,,,,nm,nm602231,2016-04-14T16:13:48.400Z,"16km NNW of La Center, Kentucky",earthquake,,,,,reviewed,nm,nm
1984-02-16T01:39:34.700Z,37.21,-89.02,7,1.2,md,,,,,nm,nm602232,2016-04-14T16:13:54.480Z,"15km NNW of La Center, Kentucky",earthquake,,,,,reviewed,nm,nm
1984-02-16T11:30:32.800Z,37.21,-89.02,2,2.5,md,,,,,nm,nm602247,2016-04-14T16:15:25.700Z,"15km NNW of La Center, Kentucky",earthquake,,,,,reviewed,nm,nm
1984-02-16T12:30:50.500Z,37.2,-89.05,2,1.1,md,,,,,nm,nm602248,2016-04-14T16:15:31.780Z,"15km NNW of La Center, Kentucky",earthquake,,,,,reviewed,nm,nm
1984-02-19T21:47:36.200Z,37.21,-89.02,10.7,1.3,md,,,,,nm,nm602253,2016-04-14T16:16:02.170Z,"15km NNW of La Center, Kentucky",earthquake,,,,,reviewed,nm,nm
1984-02-19T22:02:02.200Z,37.21,-89.02,8.8,1.3,md,,,,,nm,nm602254,2016-04-14T16:16:08.250Z,"15km NNW of La Center, Kentucky",earthquake,,,,,reviewed,nm,nm
1984-02-19T22:03:14.800Z,37.21,-89.03,8.8,1,md,,,,,nm,nm602255,2016-04-14T16:16:14.330Z,"15km NNW of La Center, Kentucky",earthquake,,,,,reviewed,nm,nm
1984-02-19T22:23:13.800Z,37.22,-89.01,5,1,md,,,,,nm,nm602256,2016-04-14T16:16:20.400Z,"16km NNW of La Center, Kentucky",earthquake,,,,,reviewed,nm,nm
1984-02-19T23:36:49.100Z,37.2,-89.03,12,1.9,md,,,,,nm,nm602257,2016-04-14T16:16:26.480Z,"14km NNW of La Center, Kentucky",earthquake,,,,,reviewed,nm,nm
1984-02-20T12:32:51.100Z,37.21,-89.02,2,2.4,md,,,,,nm,nm602259,2016-04-14T16:16:38.630Z,"15km NNW of La Center, Kentucky",earthquake,,,,,reviewed,nm,nm
1984-02-20T14:48:15.800Z,37.29,-89.01,10,2.3,md,,,,,nm,nm602260,2016-04-14T16:16:44.710Z,"17km SW of Vienna, Illinois",earthquake,,,,,reviewed,nm,nm
1984-02-20T17:06:34.500Z,37.22,-89.01,7.5,1.2,md,,,,,nm,nm602261,2016-04-14T16:16:50.790Z,"16km NNW of La Center, Kentucky",earthquake,,,,,reviewed,nm,nm
1984-02-21T13:33:23.400Z,37.21,-89.02,2,1.3,md,,,,,nm,nm602262,2016-04-14T16:16:56.870Z,"15km NNW of La Center, Kentucky",earthquake,,,,,reviewed,nm,nm
1984-02-21T15:40:37.100Z,37.2,-89.03,7.5,1.1,md,,,,,nm,nm602263,2016-04-14T16:17:02.940Z,"14km NNW of La Center, Kentucky",earthquake,,,,,reviewed,nm,nm
1984-02-21T17:04:13.000Z,37.22,-89,5.6,1.6,md,,,,,nm,nm602264,2016-04-14T16:17:09.030Z,"16km N of La Center, Kentucky",earthquake,,,,,reviewed,nm,nm
1984-02-23T05:04:30.800Z,37.21,-89.01,5,2.3,md,,,,,nm,nm602268,2016-04-14T16:17:33.330Z,"15km NNW of La Center, Kentucky",earthquake,,,,,reviewed,nm,nm
1984-02-23T13:28:20.000Z,37.22,-89.02,10,2.2,md,,,,,nm,nm602269,2016-04-14T16:17:39.400Z,"16km NNW of La Center, Kentucky",earthquake,,,,,reviewed,nm,nm
1984-02-23T14:27:34.100Z,37.21,-89.01,10,1.2,md,,,,,nm,nm602270,2016-04-14T16:17:45.470Z,"15km NNW of La Center, Kentucky",earthquake,,,,,reviewed,nm,nm
1984-02-23T17:51:27.500Z,37.21,-89.01,11.2,1.8,md,,,,,nm,nm602271,2016-04-14T16:17:51.550Z,"15km NNW of La Center, Kentucky",earthquake,,,,,reviewed,nm,nm
1984-02-24T12:32:32.400Z,37.21,-89.01,10,2.2,md,,,,,nm,nm602272,2016-04-14T16:17:57.630Z,"15km NNW of La Center, Kentucky",earthquake,,,,,reviewed,nm,nm
1984-02-25T01:42:39.500Z,37.19,-89.03,10,1.1,md,,,,,nm,nm602273,2016-04-14T16:18:03.710Z,"13km NNW of La Center, Kentucky",earthquake,,,,,reviewed,nm,nm
1984-02-25T21:01:57.200Z,37.22,-89.01,5,3,md,,,,,nm,nm602275,2016-04-14T16:18:15.880Z,"16km NNW of La Center, Kentucky",earthquake,,,,,reviewed,nm,nm
1984-02-25T21:48:17.800Z,37.16,-89.02,8.4,1,md,,,,,nm,nm602276,2016-04-14T16:18:22.000Z,"10km NNW of La Center, Kentucky",earthquake,,,,,reviewed,nm,nm
1984-03-01T01:26:03.600Z,37.21,-89.01,1.4,1.9,md,,,,,nm,nm602279,2016-04-14T16:18:40.230Z,"15km NNW of La Center, Kentucky",earthquake,,,,,reviewed,nm,nm
1984-03-01T02:40:38.200Z,37.21,-89.01,2,2.1,md,,,,,nm,nm602280,2016-04-14T16:18:46.310Z,"15km NNW of La Center, Kentucky",earthquake,,,,,reviewed,nm,nm
1984-03-01T03:25:49.800Z,37.22,-89,6.7,1.7,md,,,,,nm,nm602281,2016-04-14T16:18:52.380Z,"16km N of La Center, Kentucky",earthquake,,,,,reviewed,nm,nm
1984-03-01T09:10:33.600Z,37.21,-89.01,12,1.4,md,,,,,nm,nm602283,2016-04-14T16:19:04.540Z,"15km NNW of La Center, Kentucky",earthquake,,,,,reviewed,nm,nm
1984-03-01T16:18:06.000Z,37.21,-89.01,1.8,2.9,md,,,,,nm,nm602286,2016-04-14T16:19:22.790Z,"15km NNW of La Center, Kentucky",earthquake,,,,,reviewed,nm,nm
1984-03-01T16:38:23.600Z,37.21,-89.01,2,1.2,md,,,,,nm,nm602287,2016-04-14T16:19:28.890Z,"15km NNW of La Center, Kentucky",earthquake,,,,,reviewed,nm,nm
1984-03-01T17:37:24.000Z,37.22,-89.01,10,2.1,md,,,,,nm,nm602289,2016-04-14T16:19:41.050Z,"16km NNW of La Center, Kentucky",earthquake,,,,,reviewed,nm,nm
1984-03-02T04:55:09.700Z,37.23,-88.98,10,1.5,md,,,,,nm,nm602291,2016-04-14T16:19:53.210Z,"17km N of La Center, Kentucky",earthquake,,,,,reviewed,nm,nm
1984-03-02T05:59:29.900Z,37.2,-89.01,1.5,2,md,,,,,nm,nm602292,2016-04-14T16:19:59.280Z,"14km NNW of La Center, Kentucky",earthquake,,,,,reviewed,nm,nm
1984-03-02T06:12:07.400Z,37.21,-89.01,8.1,1.4,md,,,,,nm,nm602293,2016-04-14T16:20:05.360Z,"15km NNW of La Center, Kentucky",earthquake,,,,,reviewed,nm,nm
1984-03-02T16:05:30.000Z,37.21,-89.01,2,2,md,,,,,nm,nm602295,2016-04-14T16:20:17.530Z,"15km NNW of La Center, Kentucky",earthquake,,,,,reviewed,nm,nm
1984-03-03T03:04:53.600Z,37.27,-88.95,15,1,md,,,,,nm,nm602297,2016-04-14T16:20:29.690Z,"16km SSW of Vienna, Illinois",earthquake,,,,,reviewed,nm,nm
1984-03-11T12:50:57.500Z,37.02,-88.93,6.6,2.6,md,,,,,nm,nm602299,2016-04-14T16:20:41.850Z,"7km SSE of La Center, Kentucky",earthquake,,,,,reviewed,nm,nm
1984-03-17T21:45:47.600Z,37.27,-87.1,5,2.1,md,,,,,se,se602304,2016-04-14T19:18:58.460Z,"3km SE of Central City, Kentucky",earthquake,,,,,reviewed,se,se
1984-04-13T06:39:30.300Z,38,-88.87,6.4,1.9,md,,,,,nm,nm602312,2016-04-14T16:21:48.720Z,"4km E of Benton, Illinois",earthquake,,,,,reviewed,nm,nm
1984-04-17T04:44:44.900Z,38.41,-88.48,14.3,3.2,md,,,,,nm,nm602314,2016-04-14T16:22:00.870Z,"11km WNW of Fairfield, Illinois",earthquake,,,,,reviewed,nm,nm
1984-04-20T05:06:43.400Z,37.2,-89.03,2,1.5,md,,,,,nm,nm602315,2016-04-14T16:22:06.950Z,"14km NNW of La Center, Kentucky",earthquake,,,,,reviewed,nm,nm
1984-04-22T10:35:39.100Z,37.13,-89.06,15,1,md,,,,,nm,nm602317,2016-04-14T16:22:19.100Z,"9km NW of La Center, Kentucky",earthquake,,,,,reviewed,nm,nm
1984-06-04T19:16:48.800Z,38.02,-87.02,5,2.3,md,,,,,nm,nm602339,2016-04-14T16:24:32.840Z,"13km NW of Lewisport, Kentucky",earthquake,,,,,reviewed,nm,nm
1984-06-04T20:54:24.000Z,37.25,-87.54,5,2.2,md,,,,,nm,nm602340,2016-04-14T16:24:38.920Z,"3km SW of Earlington, Kentucky",earthquake,,,,,reviewed,nm,nm
1984-06-12T18:26:48.220Z,38.918,-87.464,3,3.4,mblg,,,,,us,usp00024zc,2014-11-07T00:35:01.947Z,Indiana,earthquake,,,,,reviewed,slm,slm
1984-06-29T07:58:29.300Z,37.7,-88.47,1.6,3.8,md,,,,,nm,nm602352,2016-04-14T16:29:16.728Z,"7km SE of Harrisburg, Illinois",earthquake,,,,,reviewed,nm,nm
1984-07-28T23:39:27.400Z,39.22,-87.07,10,4,md,,,,,nm,nm602368,2016-04-14T16:33:42.877Z,"6km SE of Middlebury, Indiana",earthquake,,,,,reviewed,nm,nm
1984-07-30T12:57:25.600Z,38.16,-87.36,10,1.7,md,,,,,nm,nm602374,2016-04-14T16:27:59.530Z,"13km N of Chandler, Indiana",earthquake,,,,,reviewed,nm,nm
1984-08-28T05:10:20.700Z,37.22,-89,2,2.4,md,,,,,nm,nm602387,2016-04-14T16:29:18.560Z,"16km N of La Center, Kentucky",earthquake,,,,,reviewed,nm,nm
1984-08-29T06:50:59.500Z,39.11,-87.45,10,3.1,md,,,,,nm,nm602388,2016-04-14T16:29:24.630Z,"4km WNW of Sullivan, Indiana",earthquake,,,,,reviewed,nm,nm
1984-08-29T18:56:28.500Z,38.97,-87.98,10,2.7,md,,,,,nm,nm602389,2016-04-14T16:29:30.710Z,"7km WSW of Oblong, Illinois",earthquake,,,,,reviewed,nm,nm
1984-09-01T18:27:44.100Z,38.04,-87.29,10,1.8,md,,,,,nm,nm602392,2016-04-14T16:29:48.940Z,"1km SW of Boonville, Indiana",earthquake,,,,,reviewed,nm,nm
1984-09-19T08:03:03.300Z,37.22,-89.01,5.6,1.3,md,,,,,nm,nm602400,2016-04-14T16:30:37.650Z,"16km NNW of La Center, Kentucky",earthquake,,,,,reviewed,nm,nm
1984-09-19T15:19:07.400Z,37.21,-89.01,2,2,md,,,,,nm,nm602402,2016-04-14T16:30:49.800Z,"15km NNW of La Center, Kentucky",earthquake,,,,,reviewed,nm,nm
1984-09-19T16:25:49.700Z,37.21,-89.01,1.2,2.5,md,,,,,nm,nm602403,2016-04-14T16:30:55.870Z,"15km NNW of La Center, Kentucky",earthquake,,,,,reviewed,nm,nm
1984-09-20T20:42:31.000Z,37.17,-87.49,5,2.5,md,,,,,se,se602405,2016-04-14T19:19:16.720Z,"4km SW of Nortonville, Kentucky",earthquake,,,,,reviewed,se,se
1984-09-27T08:08:37.200Z,37.2,-89,5,2.8,md,,,,,nm,nm602411,2016-04-14T16:31:38.420Z,"13km N of La Center, Kentucky",earthquake,,,,,reviewed,nm,nm
1984-10-03T05:22:39.900Z,37.22,-89.01,3.8,2.1,md,,,,,nm,nm602419,2016-04-14T16:32:20.950Z,"16km NNW of La Center, Kentucky",earthquake,,,,,reviewed,nm,nm
1984-10-17T07:56:23.100Z,37.22,-89,0.9,2.3,md,,,,,nm,nm602433,2016-04-14T16:33:27.830Z,"16km N of La Center, Kentucky",earthquake,,,,,reviewed,nm,nm
1984-10-17T15:06:15.900Z,37.21,-89.01,5.8,2,md,,,,,nm,nm602434,2016-04-14T16:33:33.910Z,"15km NNW of La Center, Kentucky",earthquake,,,,,reviewed,nm,nm
1984-10-24T08:28:38.600Z,37.22,-89,2.1,1.3,md,,,,,nm,nm602436,2016-04-14T16:33:46.060Z,"16km N of La Center, Kentucky",earthquake,,,,,reviewed,nm,nm
1984-12-12T17:15:53.400Z,38.58,-87.56,21,2.2,md,,,,,nm,nm602462,2016-04-14T16:36:18.010Z,"11km SSW of Vincennes, Indiana",earthquake,,,,,reviewed,nm,nm
1985-01-12T11:43:16.900Z,37.69,-88.43,2,2.4,md,,,,,nm,nm602482,2016-04-14T16:38:19.630Z,"11km ESE of Harrisburg, Illinois",earthquake,,,,,reviewed,nm,nm
1985-02-08T15:34:51.900Z,37.2,-89.03,8.7,1.3,md,,,,,nm,nm602500,2016-04-14T16:40:09.000Z,"14km NNW of La Center, Kentucky",earthquake,,,,,reviewed,nm,nm
1985-02-13T10:22:24.000Z,38.42,-87.5,17.7,3,md,,,,,nm,nm602504,2016-04-14T16:40:27.280Z,"9km NE of Princeton, Indiana",earthquake,,,,,reviewed,nm,nm
1985-03-11T23:46:54.400Z,37.49,-87.31,5,1.1,md,,,,,nm,nm602534,2016-04-14T16:43:29.650Z,"7km SW of Calhoun, Kentucky",earthquake,,,,,reviewed,nm,nm
1985-04-04T08:55:29.600Z,37.06,-88.82,10.8,2.1,md,,,,,nm,nm602556,2016-04-14T16:45:43.330Z,"9km WNW of Massac, Kentucky",earthquake,,,,,reviewed,nm,nm
1985-05-01T01:16:27.800Z,37.78,-87.61,10,2.9,md,,,,,nm,nm602565,2016-04-14T16:46:38.050Z,"6km SSW of Henderson, Kentucky",earthquake,,,,,reviewed,nm,nm
1985-07-03T03:11:28.100Z,37.92,-88.88,7.5,2.2,md,,,,,nm,nm602593,2016-04-14T16:49:28.260Z,"5km ENE of West Frankfort, Illinois",earthquake,,,,,reviewed,nm,nm
1985-09-02T08:32:45.800Z,37.97,-88.89,2.8,2.2,md,,,,,nm,nm602622,2016-04-14T16:52:06.390Z,"3km SE of Benton, Illinois",earthquake,,,,,reviewed,nm,nm
1985-09-09T22:06:31.020Z,41.848,-88.014,5,3,mblg,,,,0.3,us,usp0002jk2,2014-11-07T00:37:08.618Z,Illinois,earthquake,,,,,reviewed,us,us
1985-10-12T06:43:42.500Z,38.51,-89.01,5,2.7,md,,,,,nm,nm602645,2016-04-14T16:54:20.140Z,"10km E of Centralia, Illinois",earthquake,,,,,reviewed,nm,nm
1985-10-27T13:28:23.600Z,37.11,-88.82,7,2.2,md,,,,,nm,nm602658,2016-04-14T16:55:33.210Z,"9km WSW of Metropolis, Illinois",earthquake,,,,,reviewed,nm,nm
1985-12-29T08:56:58.300Z,38.49,-89.02,1,3.2,md,,,,,nm,nm602710,2016-04-14T17:00:49.410Z,"10km ESE of Centralia, Illinois",earthquake,,,,,reviewed,nm,nm
1986-01-10T19:54:51.900Z,38.15,-87.58,10,2.5,md,,,,,nm,nm602716,2016-04-14T17:01:25.910Z,"5km N of Darmstadt, Indiana",earthquake,,,,,reviewed,nm,nm
1986-01-14T17:57:14.400Z,37.28,-89.01,10,1.8,md,,,,,nm,nm602719,2016-04-14T17:01:44.160Z,"18km SSW of Vienna, Illinois",earthquake,,,,,reviewed,nm,nm
1986-01-29T08:16:07.800Z,38.35,-87.54,5,2.8,md,,,,,nm,nm602738,2016-04-14T17:03:33.600Z,"2km ESE of Princeton, Indiana",earthquake,,,,,reviewed,nm,nm
1986-02-26T15:03:00.500Z,38.39,-89.1,5,2.7,md,,,,,nm,nm602762,2016-04-14T17:05:47.310Z,"13km SSE of Wamac, Illinois",earthquake,,,,,reviewed,nm,nm
1986-04-16T05:52:42.300Z,37.72,-88.81,10.5,2.2,md,,,,,nm,nm602786,2016-04-14T17:08:13.260Z,"10km E of Marion, Illinois",earthquake,,,,,reviewed,nm,nm
1986-04-24T08:59:23.200Z,37.12,-88.8,9.9,2,md,,,,,nm,nm602791,2016-04-14T17:08:43.650Z,"6km WSW of Metropolis, Illinois",earthquake,,,,,reviewed,nm,nm
1986-07-11T21:45:58.900Z,37.02,-88.9,3,2.2,md,,,,,nm,nm602864,2016-04-14T17:15:55.270Z,"9km SE of La Center, Kentucky",earthquake,,,,,reviewed,nm,nm
1986-07-12T08:19:37.950Z,40.537,-84.371,10,4.5,mb,,,,0.8,us,usp0002vyk,2015-03-20T16:22:25.200Z,Ohio,earthquake,,,,12,reviewed,us,us
1986-07-15T07:07:48.200Z,37.69,-88.39,5,1.9,md,,,,,nm,nm602869,2016-04-14T17:16:19.600Z,"14km ESE of Harrisburg, Illinois",earthquake,,,,,reviewed,nm,nm
1986-08-21T21:48:59.800Z,37.1,-88.75,12.4,2.4,md,,,,,nm,nm602905,2016-04-14T17:19:52.410Z,"5km SSW of Metropolis, Illinois",earthquake,,,,,reviewed,nm,nm
1986-09-11T03:47:11.100Z,38.27,-88.09,19.7,2,md,,,,,nm,nm602924,2016-04-14T17:21:47.970Z,"8km W of Grayville, Illinois",earthquake,,,,,reviewed,nm,nm
1986-10-29T05:03:41.300Z,38.44,-89.04,5,3,md,,,,,nm,nm602957,2016-04-14T17:25:08.610Z,"11km SE of Wamac, Illinois",earthquake,,,,,reviewed,nm,nm
1986-12-05T18:45:03.800Z,37.95,-85.92,8.3,2.6,md,,,,,se,se602977,2016-04-14T19:20:47.890Z,"7km NNE of Fort Knox, Kentucky",earthquake,,,,,reviewed,se,se
1986-12-08T09:38:43.800Z,37.79,-87.53,15.8,1.6,md,,,,,nm,nm602982,2016-04-14T17:27:28.400Z,"7km SE of Henderson, Kentucky",earthquake,,,,,reviewed,nm,nm
1987-02-13T16:44:51.200Z,38.17,-87.46,5,2.5,md,,,,,nm,nm603042,2016-04-14T17:33:20.990Z,"10km ESE of Haubstadt, Indiana",earthquake,,,,,reviewed,nm,nm
1987-02-16T16:27:06.200Z,38.17,-87.22,5,2.5,md,,,,,nm,nm603044,2016-04-14T17:33:33.150Z,"14km NNE of Boonville, Indiana",earthquake,,,,,reviewed,nm,nm
1987-02-18T23:36:37.490Z,37.354,-88.462,6.9,2.5,md,,,,,nm,nm603047,2016-04-14T17:33:51.390Z,"2km SE of Golconda, Illinois",earthquake,,,,,reviewed,nm,nm
1987-03-12T18:05:55.900Z,37.31,-86.63,6,2.2,md,,,,,se,se603064,2016-04-14T19:21:00.050Z,"10km NNE of Morgantown, Kentucky",earthquake,,,,,reviewed,se,se
1987-06-10T23:48:53.900Z,38.71,-87.95,4.6,5.2,md,,,,,nm,nm603116,2016-04-14T17:46:33.728Z,"7km W of Sumner, Illinois",earthquake,,,,,reviewed,nm,nm
1987-06-11T00:06:37.200Z,38.72,-87.95,1.3,2.2,md,,,,,nm,nm603117,2016-04-14T17:40:38.660Z,"7km W of Sumner, Illinois",earthquake,,,,,reviewed,nm,nm
1987-06-11T00:15:50.000Z,38.67,-87.96,5,2.6,md,,,,,nm,nm603118,2016-04-14T17:40:44.760Z,"10km WSW of Sumner, Illinois",earthquake,,,,,reviewed,nm,nm
1987-06-11T01:03:34.100Z,38.69,-87.93,6.4,2.2,md,,,,,nm,nm603119,2016-04-14T17:40:50.920Z,"6km WSW of Sumner, Illinois",earthquake,,,,,reviewed,nm,nm
1987-06-11T01:28:22.200Z,38.7,-87.94,5.5,2.1,md,,,,,nm,nm603120,2016-04-14T17:40:57.030Z,"7km WSW of Sumner, Illinois",earthquake,,,,,reviewed,nm,nm
1987-06-11T03:01:27.500Z,38.69,-87.94,5,2.1,md,,,,,nm,nm603122,2016-04-14T17:41:09.260Z,"7km WSW of Sumner, Illinois",earthquake,,,,,reviewed,nm,nm
1987-06-11T03:06:13.300Z,38.72,-87.94,5.4,1.9,md,,,,,nm,nm603123,2016-04-14T17:41:15.340Z,"6km W of Sumner, Illinois",earthquake,,,,,reviewed,nm,nm
1987-06-11T08:51:14.100Z,38.75,-87.99,10,1.1,md,,,,,nm,nm603124,2016-04-14T17:41:21.420Z,"8km ENE of Olney, Illinois",earthquake,,,,,reviewed,nm,nm
1987-06-11T09:13:47.400Z,38.72,-87.95,3.3,1.8,md,,,,,nm,nm603125,2016-04-14T17:41:27.490Z,"7km W of Sumner, Illinois",earthquake,,,,,reviewed,nm,nm
1987-06-11T14:08:36.800Z,38.73,-87.95,10,2.4,md,,,,,nm,nm603126,2016-04-14T17:41:33.560Z,"7km W of Sumner, Illinois",earthquake,,,,,reviewed,nm,nm
1987-06-11T16:32:10.800Z,38.72,-87.96,3.6,2.3,md,,,,,nm,nm603127,2016-04-14T17:41:39.640Z,"8km W of Sumner, Illinois",earthquake,,,,,reviewed,nm,nm
1987-06-11T23:01:39.200Z,38.73,-87.96,8,1.8,md,,,,,nm,nm603128,2016-04-14T17:41:45.720Z,"8km W of Sumner, Illinois",earthquake,,,,,reviewed,nm,nm
1987-06-12T04:21:16.000Z,38.72,-87.97,1.1,1.6,md,,,,,nm,nm603129,2016-04-14T17:41:51.800Z,"9km W of Sumner, Illinois",earthquake,,,,,reviewed,nm,nm
1987-06-12T13:10:19.500Z,38.7,-87.94,4.1,1.3,md,,,,,nm,nm603130,2016-04-14T17:41:57.870Z,"7km WSW of Sumner, Illinois",earthquake,,,,,reviewed,nm,nm
1987-06-13T08:48:03.700Z,38.71,-87.94,8.8,2.2,md,,,,,nm,nm603132,2016-04-14T17:42:10.020Z,"6km W of Sumner, Illinois",earthquake,,,,,reviewed,nm,nm
1987-06-13T19:25:57.700Z,37.18,-86.11,10,2.5,md,,,,,se,se603133,2016-04-14T19:21:12.200Z,"14km WNW of Cave City, Kentucky",earthquake,,,,,reviewed,se,se
1987-06-14T05:08:52.700Z,38.72,-87.94,9.8,1.7,md,,,,,nm,nm603145,2016-04-14T17:43:23.010Z,"6km W of Sumner, Illinois",earthquake,,,,,reviewed,nm,nm
1987-06-18T05:15:21.800Z,38.67,-88.02,5,2,md,,,,,nm,nm603158,2016-04-14T17:44:42.100Z,"8km SE of Olney, Illinois",earthquake,,,,,reviewed,nm,nm
1987-06-18T12:58:03.200Z,38.7,-87.98,5.3,2,md,,,,,nm,nm603159,2016-04-14T17:44:48.180Z,"9km ESE of Olney, Illinois",earthquake,,,,,reviewed,nm,nm
1987-06-23T00:00:19.400Z,38.72,-87.95,5,2.8,md,,,,,nm,nm603165,2016-04-14T17:45:24.680Z,"7km W of Sumner, Illinois",earthquake,,,,,reviewed,nm,nm
1987-07-05T13:45:30.900Z,38.71,-87.98,4.4,2,md,,,,,nm,nm603181,2016-04-14T17:47:01.940Z,"9km ESE of Olney, Illinois",earthquake,,,,,reviewed,nm,nm
1987-07-15T23:54:10.200Z,38.91,-88.17,12.9,2.6,md,,,,,nm,nm603190,2016-04-14T17:47:56.630Z,"9km S of Newton, Illinois",earthquake,,,,,reviewed,nm,nm
1987-09-04T01:54:50.700Z,38.71,-87.93,12,1.7,md,,,,,nm,nm603220,2016-04-14T17:50:59.090Z,"6km W of Sumner, Illinois",earthquake,,,,,reviewed,nm,nm
1987-09-30T10:16:26.850Z,36.905,-89.085,6.8,1.8,md,,,,,nm,nm603238,2016-04-14T17:52:48.550Z,"6km S of Wickliffe, Kentucky",earthquake,,,,,reviewed,nm,nm
1987-10-02T15:28:39.300Z,38.72,-87.95,6,2.6,md,,,,,nm,nm603240,2016-04-14T17:53:00.710Z,"7km W of Sumner, Illinois",earthquake,,,,,reviewed,nm,nm
1987-10-10T10:18:01.900Z,38.72,-87.95,9.3,2.2,md,,,,,nm,nm603243,2016-04-14T17:53:18.960Z,"7km W of Sumner, Illinois",earthquake,,,,,reviewed,nm,nm
1987-10-14T15:49:40.100Z,37.05,-88.78,2,3.8,md,,,,,nm,nm603244,2016-04-14T17:55:06.676Z,"5km NW of Massac, Kentucky",earthquake,,,,,reviewed,nm,nm
1987-10-17T18:08:13.900Z,38.7,-87.95,12.8,2,md,,,,,nm,nm603248,2016-04-14T17:53:49.360Z,"7km WSW of Sumner, Illinois",earthquake,,,,,reviewed,nm,nm
1987-11-17T15:52:21.100Z,38.72,-87.96,4.7,3.2,md,,,,,nm,nm603249,2016-04-14T17:53:55.440Z,"8km W of Sumner, Illinois",earthquake,,,,,reviewed,nm,nm
1988-01-05T14:39:18.200Z,38.72,-87.96,5.4,3.3,md,,,,,nm,nm603283,2016-04-14T17:57:16.220Z,"8km W of Sumner, Illinois",earthquake,,,,,reviewed,nm,nm
1988-03-10T21:24:09.500Z,37.75,-88.83,4.4,3,md,,,,,nm,nm603301,2016-04-14T17:59:05.660Z,"9km ENE of Marion, Illinois",earthquake,,,,,reviewed,nm,nm
1988-03-15T12:34:48.700Z,38.3,-89,11.8,2.8,md,,,,,nm,nm603303,2016-04-14T17:59:17.820Z,"8km WSW of Mount Vernon, Illinois",earthquake,,,,,reviewed,nm,nm
1988-04-11T03:08:41.400Z,38.7,-87.95,2.5,2.3,md,,,,,nm,nm603316,2016-04-14T18:00:36.880Z,"7km WSW of Sumner, Illinois",earthquake,,,,,reviewed,nm,nm
1988-04-19T09:51:41.820Z,36.933,-89.023,11.2,1.2,md,,,,,nm,nm603322,2016-04-14T18:01:13.400Z,"6km ESE of Wickliffe, Kentucky",earthquake,,,,,reviewed,nm,nm
1988-04-23T03:31:59.800Z,36.983,-89.046,4.5,1.2,md,,,,,nm,nm603328,2016-04-14T18:01:49.910Z,"4km ENE of Wickliffe, Kentucky",earthquake,,,,,reviewed,nm,nm
1988-05-01T14:55:22.800Z,37.06,-89.11,10,2.3,md,,,,,nm,nm603332,2016-04-14T18:02:14.220Z,"5km ESE of Mound City, Illinois",earthquake,,,,,reviewed,nm,nm
1988-09-07T02:28:09.540Z,38.143,-83.878,10,4.5,mb,,,,0.8,us,usp0003krm,2016-04-14T19:35:50.065Z,"8km E of Mount Sterling, Kentucky",earthquake,,,,5,reviewed,us,us
1988-09-18T16:16:01.000Z,37.31,-87.21,12.6,2.7,md,,,,,se,se603387,2016-04-14T19:21:30.440Z,"5km NW of Morehead, Kentucky",earthquake,,,,,reviewed,se,se
1988-10-01T16:58:19.900Z,38.71,-87.95,14.1,2.3,md,,,,,nm,nm603391,2016-04-14T18:08:00.770Z,"7km W of Sumner, Illinois",earthquake,,,,,reviewed,nm,nm
1988-10-05T00:38:55.000Z,38.66,-88.02,5,3.3,md,,,,,nm,nm603393,2016-04-14T18:08:12.940Z,"9km SE of Olney, Illinois",earthquake,,,,,reviewed,nm,nm
1988-12-29T02:52:13.700Z,38.99,-87.73,5,2.9,md,,,,,nm,nm603431,2016-04-14T18:11:57.840Z,"1km SSE of Robinson, Illinois",earthquake,,,,,reviewed,nm,nm
1989-01-03T19:08:51.300Z,38.99,-87.72,5,2.8,md,,,,,nm,nm603435,2016-04-14T18:12:22.160Z,"2km SE of Robinson, Illinois",earthquake,,,,,reviewed,nm,nm
1989-05-20T06:28:36.000Z,37.24,-89.05,6.7,1.9,md,,,,,nm,nm603478,2016-04-14T18:16:37.490Z,"19km NNW of La Center, Kentucky",earthquake,,,,,reviewed,nm,nm
1989-05-28T03:12:45.400Z,37.37,-89.05,15.6,1.4,md,,,,,nm,nm603482,2016-04-14T18:17:01.820Z,"14km WSW of Vienna, Illinois",earthquake,,,,,reviewed,nm,nm
1989-06-28T09:35:00.200Z,37.81,-88.95,12.7,2.9,md,,,,,nm,nm603489,2016-04-14T18:17:44.370Z,"2km WSW of Johnston City, Illinois",earthquake,,,,,reviewed,nm,nm
1989-07-15T00:08:02.640Z,38.607,-83.569,10,3.1,mblg,,,,0.7,us,usp0003xb0,2014-11-07T00:44:33.189Z,eastern Kentucky,earthquake,,,,,reviewed,us,bla
1989-07-31T00:31:13.530Z,36.824,-88.833,13.1,2.1,md,,,,,nm,nm603498,2016-04-14T18:18:39.070Z,"16km ESE of Bardwell, Kentucky",earthquake,,,,,reviewed,nm,nm
1989-09-22T03:43:53.530Z,37.759,-88.406,9.6,2.4,md,,,,,nm,nm603524,2016-04-14T18:21:17.130Z,"6km SSE of Eldorado, Illinois",earthquake,,,,,reviewed,nm,nm
1989-12-23T18:20:53.850Z,36.784,-88.524,5.1,2.5,md,,,,,nm,nm603559,2016-04-14T18:24:43.930Z,"11km ENE of Mayfield, Kentucky",earthquake,,,,,reviewed,nm,nm
1990-01-08T06:43:17.000Z,38.71,-87.96,15,2.3,md,,,,,nm,nm603573,2016-04-14T18:26:18.300Z,"8km W of Sumner, Illinois",earthquake,,,,,reviewed,nm,nm
1990-01-24T18:20:26.200Z,38.14,-86.49,10,3.9,md,,,,,nm,nm603586,2016-04-14T18:29:31.982Z,"21km S of English, Indiana",earthquake,,,,,reviewed,nm,nm
1990-01-25T22:06:49.200Z,37.23,-86.99,10,2.2,md,,,,,se,se603591,2016-04-14T19:21:48.680Z,"13km ESE of Central City, Kentucky",earthquake,,,,,reviewed,se,se
1990-01-27T14:05:51.670Z,38.184,-86.43,5.3,3.8,md,,,,,nm,nm603593,2016-04-14T18:30:15.907Z,"16km S of English, Indiana",earthquake,,,,,reviewed,nm,nm
1990-01-29T19:41:45.420Z,38.45,-86.46,0.1,2.6,md,,,,,nm,nm603599,2016-04-14T18:29:01.030Z,"11km S of Paoli, Indiana",earthquake,,,,,reviewed,nm,nm
1990-02-06T22:09:10.380Z,38.456,-87.813,9.5,2.3,md,,,,,nm,nm603616,2016-04-14T18:30:44.430Z,"6km NW of Mount Carmel, Illinois",earthquake,,,,,reviewed,nm,nm
1990-02-20T19:51:05.400Z,37.34,-86.78,10,2.2,md,,,,,se,se603632,2016-04-14T19:21:54.760Z,"2km WSW of Oak Grove, Kentucky",earthquake,,,,,reviewed,se,se
1990-03-01T00:50:51.500Z,38.24,-87.88,15,2.5,md,,,,,nm,nm603636,2016-04-14T18:32:39.930Z,"10km E of Grayville, Illinois",earthquake,,,,,reviewed,nm,nm
1990-03-07T12:19:18.860Z,36.848,-89.083,5.4,1.6,md,,,,,nm,nm603647,2016-04-14T18:33:46.830Z,"6km WSW of Bardwell, Kentucky",earthquake,,,,,reviewed,nm,nm
1990-03-08T17:32:57.200Z,37.32,-86.79,5,2.5,md,,,,,se,se603648,2016-04-14T19:22:00.840Z,"4km SW of Oak Grove, Kentucky",earthquake,,,,,reviewed,se,se
1990-03-09T21:02:54.800Z,38.14,-86.19,5,2.7,md,,,,,nm,nm603650,2016-04-14T18:33:58.990Z,"9km SW of Corydon, Indiana",earthquake,,,,,reviewed,nm,nm
1990-03-12T21:31:36.200Z,37.16,-86.73,5,1.9,md,,,,,se,se603653,2016-04-14T19:22:06.910Z,"8km SSW of Morgantown, Kentucky",earthquake,,,,,reviewed,se,se
1990-03-15T22:27:02.400Z,37.31,-86.86,5,2.1,md,,,,,se,se603656,2016-04-14T19:22:12.990Z,"10km WSW of Oak Grove, Kentucky",earthquake,,,,,reviewed,se,se
1990-03-22T17:29:00.000Z,37.2,-86.79,5,2.6,md,,,,,se,se603663,2016-04-14T19:22:19.070Z,"9km WSW of Morgantown, Kentucky",earthquake,,,,,reviewed,se,se
1990-04-08T19:52:22.890Z,37.393,-86.899,0.3,2.4,md,,,,,se,se603673,2016-04-14T19:22:37.310Z,"2km WSW of Beaver Dam, Kentucky",earthquake,,,,,reviewed,se,se
1990-04-17T10:27:34.780Z,40.46,-84.852,5,3,mblg,,,,0.5,us,usp0004818,2014-11-07T00:46:09.932Z,Indiana,earthquake,,,,,reviewed,us,us
1990-04-24T09:41:36.570Z,38.955,-88.201,18.3,2.9,md,,,,,nm,nm603681,2016-04-14T18:36:30.970Z,"5km SW of Newton, Illinois",earthquake,,,,,reviewed,nm,nm
1990-06-04T11:26:47.060Z,41.098,-83.638,5,2.5,mblg,,,,0.8,us,usp0004a4h,2014-11-07T00:46:29.177Z,Ohio,earthquake,,,,,reviewed,us,us
1990-08-21T22:05:42.070Z,37.624,-88.316,10.2,1.9,md,,,,,nm,nm603743,2016-04-14T18:42:41.790Z,"15km SW of Shawneetown, Illinois",earthquake,,,,,reviewed,nm,nm
1990-08-24T19:43:50.600Z,37.2,-89.11,4.9,2.8,md,,,,,nm,nm603746,2016-04-14T18:43:00.020Z,"13km NNE of Mound City, Illinois",earthquake,,,,,reviewed,nm,nm
1990-08-27T03:43:26.900Z,37.25,-89.05,10,1.8,md,,,,,nm,nm603749,2016-04-14T18:43:18.280Z,"20km NNW of La Center, Kentucky",earthquake,,,,,reviewed,nm,nm
1990-09-03T00:10:01.300Z,38.11,-88.43,19,2.5,md,,,,,nm,nm603755,2016-04-14T18:43:54.770Z,"9km ENE of McLeansboro, Illinois",earthquake,,,,,reviewed,nm,nm
1990-09-08T00:03:57.400Z,38.061,-83.731,5,3.3,mblg,,,,0.5,us,usp0004eed,2014-11-07T00:47:05.617Z,eastern Kentucky,earthquake,,,,,reviewed,us,bla
1990-10-24T08:20:03.670Z,38.346,-88.971,1,3.2,md,,,,,nm,nm603793,2016-04-14T18:47:45.840Z,"6km WNW of Mount Vernon, Illinois",earthquake,,,,,reviewed,nm,nm
1990-12-08T17:32:29.400Z,37.79,-87.32,15.2,1.8,md,,,,,nm,nm603827,2016-04-14T18:51:12.510Z,"18km W of Owensboro, Kentucky",earthquake,,,,,reviewed,nm,nm
1990-12-17T05:24:59.100Z,40.068,-87.044,10,3.2,md,,,,0.9,us,usp0004j87,2014-11-07T00:47:37.577Z,Indiana,earthquake,,,,,reviewed,us,slm
1990-12-20T14:04:17.400Z,39.59,-86.63,5,3.7,md,,,,,nm,nm603835,2016-04-14T18:53:08.867Z,"12km W of Monrovia, Indiana",earthquake,,,,,reviewed,nm,nm
1991-01-23T09:25:23.200Z,37.94,-88.873,0.8,3.1,md,,,,,nm,nm603847,2016-04-14T18:53:08.050Z,"6km NE of West Frankfort, Illinois",earthquake,,,,,reviewed,nm,nm
1991-01-28T11:43:55.700Z,37.349,-87.324,1.2,2.8,md,,,,,nm,nm603849,2016-04-14T18:53:20.210Z,"15km E of Madisonville, Kentucky",earthquake,,,,,reviewed,nm,nm
1991-04-16T04:06:37.800Z,38.593,-88.007,6.8,2.7,md,,,,,nm,nm603865,2016-04-14T18:54:57.470Z,"16km SSE of Olney, Illinois",earthquake,,,,,reviewed,nm,nm
1991-05-25T21:09:21.300Z,38.467,-86.049,5,1.6,md,,,,,nm,nm603873,2016-04-14T18:55:46.300Z,"5km SSW of New Pekin, Indiana",earthquake,,,,,reviewed,nm,nm
1991-06-11T13:07:17.000Z,37.11,-88.891,15.2,2.1,md,,,,,nm,nm603879,2016-04-14T18:56:22.770Z,"8km ENE of La Center, Kentucky",earthquake,,,,,reviewed,nm,nm
1991-09-07T15:48:46.000Z,36.776,-89.112,13.7,1.7,md,,,,,nm,nm603899,2016-04-14T18:58:18.250Z,"13km SW of Bardwell, Kentucky",earthquake,,,,,reviewed,nm,nm
1991-11-11T09:20:44.000Z,38.905,-87.71,0,3.8,md,,,,,nm,nm603911,2016-04-14T18:59:31.160Z,"11km SSE of Robinson, Illinois",earthquake,,,,,reviewed,nm,nm
1992-05-11T06:42:30.600Z,36.82,-89,5,2.6,md,,,,,us,usp000575y,2014-11-07T00:50:36.789Z,western Kentucky,earthquake,,,,,reviewed,slm,slm
1992-08-18T22:08:53.800Z,37.121,-88.902,12,1.9,md,,,,,nm,nm603948,2016-04-14T19:03:16.150Z,"8km NE of La Center, Kentucky",earthquake,,,,,reviewed,nm,nm
1992-10-02T01:25:41.920Z,37.16,-88.835,11.9,2.6,md,,,,,nm,nm603953,2016-04-14T19:03:40.460Z,"9km W of Metropolis, Illinois",earthquake,,,,,reviewed,nm,nm
1993-01-04T21:14:15.260Z,37.153,-87.455,5,2.3,mlg,,,,,se,se603962,2016-04-14T19:22:55.530Z,"4km S of Nortonville, Kentucky",earthquake,,,,,reviewed,se,se
1993-01-11T17:16:59.210Z,36.979,-88.804,9.1,2.1,mlg,,,,,nm,nm603969,2016-04-14T19:05:11.640Z,"7km WSW of Massac, Kentucky",earthquake,,,,,reviewed,nm,nm
1993-01-29T13:56:24.170Z,39.033,-89.03,5,3.2,mlg,,,,,nm,nm603978,2016-04-14T19:06:06.360Z,"9km NE of Vandalia, Illinois",earthquake,,,,,reviewed,nm,nm
1993-03-04T13:33:20.530Z,37.219,-89.104,5,2.4,mlg,,,,,nm,nm603986,2016-04-14T19:06:54.990Z,"15km NNE of Mound City, Illinois",earthquake,,,,,reviewed,nm,nm
1993-03-12T04:44:38.990Z,37.236,-88.989,10,2.3,mlg,,,,,nm,nm603988,2016-04-14T19:07:07.150Z,"17km N of La Center, Kentucky",earthquake,,,,,reviewed,nm,nm
1993-03-12T04:56:06.010Z,37.234,-88.985,10,2.3,mlg,,,,,nm,nm603989,2016-04-14T19:07:13.230Z,"17km N of La Center, Kentucky",earthquake,,,,,reviewed,nm,nm
1993-04-02T01:28:30.000Z,37.012,-88.98,5,2.5,mlg,,,,,nm,nm603996,2016-04-14T19:07:55.780Z,"7km S of La Center, Kentucky",earthquake,,,,,reviewed,nm,nm
1993-04-02T03:02:43.020Z,37.026,-88.965,5,2.5,mlg,,,,,nm,nm603997,2016-04-14T19:08:01.860Z,"5km S of La Center, Kentucky",earthquake,,,,,reviewed,nm,nm
1993-07-29T11:47:25.790Z,36.913,-88.927,8.2,2.6,mlg,,,,,nm,nm604022,2016-04-14T19:10:27.750Z,"8km ENE of Bardwell, Kentucky",earthquake,,,,,reviewed,nm,nm
1993-12-23T06:00:53.910Z,37.661,-88.33,9.4,1.5,mlg,,,,,nm,nm604046,2016-04-14T19:12:53.630Z,"13km WSW of Shawneetown, Illinois",earthquake,,,,,reviewed,nm,nm
1993-12-30T07:17:24.200Z,38.062,-83.903,10,1.2,md,,,,,se,se604049,2016-04-14T19:23:01.610Z,"3km E of Mount Sterling, Kentucky",earthquake,,,,,reviewed,se,se
1994-04-04T15:14:44.000Z,40.4,-84.4,5,2.9,mblg,,,,,us,usp0006amy,2014-11-07T00:55:15.672Z,Ohio,earthquake,,,,,reviewed,mac,gs$
1994-08-13T11:02:52.070Z,38.329,-85.922,5,2.4,md,,,,,nm,nm604080,2016-04-14T19:16:02.130Z,"3km SE of Galena, Indiana",earthquake,,,,,reviewed,nm,nm
1994-09-26T14:23:22.840Z,36.96,-88.92,12.7,3.4,mlg,,,,,nm,nm604084,2016-04-14T19:16:26.440Z,"12km NE of Bardwell, Kentucky",earthquake,,,,,reviewed,nm,nm
1995-01-08T00:41:08.000Z,37.25,-87.21,29.8,2.6,md,,,,,se,se604097,2016-04-14T12:27:09.680Z,"3km SW of Morehead, Kentucky",earthquake,,,,,reviewed,se,se
1995-09-05T23:01:21.000Z,38.36,-89.04,3.5,2.9,md,,,,,nm,nm604126,2016-04-14T12:26:14.080Z,"12km WNW of Mount Vernon, Illinois",earthquake,,,,,reviewed,nm,nm
1996-12-16T01:58:31.350Z,39.5,-87.4,5,3.1,mblg,,,,,us,usp0007uhc,2014-11-07T01:01:47.641Z,Indiana,earthquake,,,,,reviewed,macr,us
1997-12-05T19:34:05.000Z,37.76,-88.57,2,2.4,md,,,,,nm,nm604338,2016-04-14T12:05:24.280Z,"3km NW of Harrisburg, Illinois",earthquake,,,,,reviewed,nm,nm
1998-04-08T18:16:48.430Z,36.9621667,-88.9741667,12.67,3.2,mlg,31,255,0.3297,0.07,nm,nm604367,2016-04-13T19:21:41.230Z,"10km NNE of Bardwell, Kentucky",earthquake,1.2,3.5,0.49,16,reviewed,nm,nm
1998-05-11T08:07:14.770Z,36.9116667,-89.0441667,6.07,2.9,md,20,289,0.2617,0.2,nm,nm604377,2016-04-13T19:22:45.500Z,"5km NW of Bardwell, Kentucky",earthquake,1.9,14,0.084,14,reviewed,nm,nm
1999-01-17T18:38:04.730Z,36.854,-83.691,5,3,mblg,,,,0.5,us,usp0009180,2014-11-07T01:06:49.544Z,eastern Kentucky,earthquake,,,,,reviewed,us,us
1999-07-06T09:29:00.900Z,37.0815,-88.8148333,12.51,2.3,md,29,303,0.4945,0.11,nm,nm60014462,2016-04-13T19:06:10.840Z,"10km SW of Metropolis, Illinois",earthquake,1.7,6.1,0.087,21,reviewed,nm,nm
2000-03-06T15:02:28.000Z,38.1,-87.57,5,2.7,mlg,,,,,nm,nm604579,2016-04-13T18:43:28.300Z,"0km E of Darmstadt, Indiana",earthquake,,,,,reviewed,nm,nm
2000-04-14T03:54:20.000Z,39.76,-86.75,5,3.6,mlg,,,,,nm,nm604596,2016-09-07T13:27:19.070Z,"16km NE of Greencastle, Indiana",earthquake,,,,,reviewed,nm,nm
2000-04-28T23:36:26.160Z,37.7446667,-88.4116667,0.64,2.9,mlg,25,131,,0.21,nm,nm604601,2016-04-13T18:45:48.020Z,"8km SSE of Eldorado, Illinois",earthquake,1.3,1.5,0.302,18,reviewed,nm,nm
2000-06-27T06:02:57.010Z,37.1493333,-88.8345,11.74,2.9,md,48,169,0.5162,0.16,nm,nm604632,2016-04-13T18:48:50.570Z,"9km W of Metropolis, Illinois",earthquake,1.1,1.4,0.356,46,reviewed,nm,nm
2000-08-03T08:53:38.890Z,37.1413333,-88.7776667,7.18,2.4,md,20,237,,0.23,nm,nm604653,2016-04-13T18:50:59.570Z,"4km WSW of Metropolis, Illinois",earthquake,4.3,10.6,0.048,2,reviewed,nm,nm
2000-08-26T08:04:26.360Z,38.104,-87.277,5,2.6,mblg,9,,,0.71,us,usp0009z6c,2014-11-07T01:10:55.013Z,Indiana,earthquake,,,,,reviewed,us,slm
2000-12-07T14:08:50.200Z,37.9711667,-87.6365,5,3.9,md,23,147,,0.62,nm,nm604709,2016-04-13T18:58:23.530Z,"7km W of Evansville, Indiana",earthquake,1.7,1.1,,,reviewed,nm,nm
2002-06-18T17:37:17.270Z,38.0001667,-87.7563333,16.05,4.6,mw,14,99,,0.17,nm,nm605053,2016-04-11T16:13:58.730Z,"14km ENE of Mount Vernon, Indiana",earthquake,1.7,0.9,,,reviewed,nm,nm
2003-01-03T16:17:06.800Z,37.8656667,-87.9601667,1.91,2.9,mlg,16,214,1.007,0.41,nm,nm605126,2016-04-11T14:05:02.250Z,"9km SW of Mount Vernon, Indiana",earthquake,,,0.287,1,reviewed,nm,nm
2003-05-02T08:10:14.040Z,37.9655,-88.6633333,0.09,3.2,md,21,115,,0.34,nm,nm605177,2016-04-11T14:10:31.700Z,"18km SW of McLeansboro, Illinois",earthquake,2.7,5.1,0.159,2,reviewed,nm,nm
2003-06-06T12:29:34.210Z,36.8788333,-88.9958333,2.5,4,mw,42,50,0.1184,0.29,nm,nm605194,2016-04-11T14:19:33.346Z,"1km NE of Bardwell, Kentucky",earthquake,1.2,1.3,0.363,5,reviewed,nm,nm
2003-08-26T02:26:57.670Z,37.1055,-88.6828333,1.71,3.1,mlg,25,94,0.5998,0.35,nm,nm605244,2016-04-11T14:17:48.170Z,"6km SE of Metropolis, Illinois",earthquake,1.9,5.3,0.128,3,reviewed,nm,nm
2003-11-03T16:52:29.300Z,37.9041667,-84.5785,0,1.6,md,8,266,,0.36,se,se605379,2016-04-11T14:32:07.870Z,"2km N of Nicholasville, Kentucky",earthquake,99,99,0.15,3,reviewed,se,se
2004-01-30T12:10:04.140Z,40.67,-84.65,5,2.5,mblg,10,239.1,,,us,usp000ck0y,2014-11-07T01:21:10.603Z,Ohio,earthquake,,,,,reviewed,ogso,ogso
2004-02-12T06:49:48.750Z,37.1123333,-88.9701667,27.04,2.4,md,32,85,0.3678,0.2,nm,nm605426,2016-04-11T13:23:44.960Z,"3km N of La Center, Kentucky",earthquake,2.2,3.1,0.42,4,reviewed,nm,nm
2004-06-28T06:10:52.170Z,41.46,-88.9,10,4.2,mwr,60,42,,0.79,us,usp000cz1k,2016-04-11T13:38:48.977Z,"10km NW of Ottawa, Illinois",earthquake,,,,,reviewed,us,slm
2004-09-05T10:56:15.260Z,38.8855,-88.8906667,33.06,2.9,md,13,320,1.197,0.42,nm,nm605531,2016-04-11T13:35:07.330Z,"16km SSW of Saint Elmo, Illinois",earthquake,99,99,0.038,1,reviewed,nm,nm
2004-09-12T13:05:19.700Z,39.6043333,-85.6615,2.4,3.8,mw,16,167,0.7946,0.45,nm,nm605535,2016-04-11T13:36:46.656Z,"8km SSE of Morristown, Indiana",earthquake,1.92,1.41,,,reviewed,nm,nm
2004-09-17T15:21:43.620Z,36.9328333,-84.004,1.29,3.7,mlg,23,96,,0.2,se,se605646,2016-04-11T13:48:40.043Z,"8km ESE of Corbin, Kentucky",earthquake,2.2,6.7,0.579,2,reviewed,se,se
2004-09-23T19:10:11.010Z,38.3168333,-83.5298333,11,2,md,6,138,0.2049,0.09,se,se605649,2016-04-11T13:47:33.750Z,"17km NNW of Morehead, Kentucky",earthquake,5.7,14.9,0.06,2,reviewed,se,se
2004-10-19T06:57:13.140Z,37.728,-84.5676667,26.54,2.1,md,9,109,0.3103,0.25,se,se605653,2016-04-11T13:47:58.470Z,"12km N of Lancaster, Kentucky",earthquake,4.6,5.3,0.048,1,reviewed,se,se
2004-11-30T23:59:34.170Z,36.9361667,-83.8931667,10,2.9,md,18,152,0.5723,0.03,se,se605660,2016-04-11T13:48:42.330Z,"7km N of Barbourville, Kentucky",earthquake,1.5,33.3,0.227,3,reviewed,se,se
2005-03-13T04:02:04.720Z,40.67,-84.62,5,2.2,mblg,4,158.7,,,us,usp000dj3b,2014-11-07T01:25:13.870Z,Ohio,earthquake,,,,,reviewed,ogso,ogso
2005-03-21T00:27:52.570Z,37.0765,-88.8531667,12.36,2,mlg,16,122,0.414,0.25,nm,nm605718,2016-04-11T12:49:38.020Z,"10km E of La Center, Kentucky",earthquake,2.1,4.3,0.49,2,reviewed,nm,nm
2005-06-20T02:00:32.120Z,36.9386667,-88.989,7.66,2.7,md,25,86,0.2163,0.12,nm,nm605775,2016-04-11T12:55:45.990Z,"7km NNE of Bardwell, Kentucky",earthquake,1.1,4.3,0.104,7,reviewed,nm,nm
2005-06-20T12:21:42.510Z,36.9225,-89.0041667,18.72,3.6,mw,26,79,0.2358,0.29,nm,nm605776,2016-04-11T12:57:24.689Z,"5km N of Bardwell, Kentucky",earthquake,0.5,1.1,0.072,3,reviewed,nm,nm
2005-09-05T20:02:35.790Z,38.19,-83.93,12.8,2.5,md,14,83.3,,,us,usp000dyuf,2016-04-11T13:14:37.690Z,"15km N of Mount Sterling, Kentucky",earthquake,,,,,reviewed,ceri,ceri
2006-01-02T21:48:57.060Z,37.8415,-88.4171667,7.31,3.6,mlg,25,68,0.09007,0.45,nm,nm605979,2016-04-08T18:40:01.043Z,"3km NNE of Eldorado, Illinois",earthquake,0.6,3.6,0.011,1,reviewed,nm,nm
2006-02-07T07:06:23.980Z,36.9403333,-83.8091667,4.32,2.2,md,15,129,0.4475,0.23,se,se606188,2016-04-08T19:01:08.000Z,"10km NE of Barbourville, Kentucky",earthquake,3.8,6.7,0.2,3,reviewed,se,se
2006-03-01T17:42:42.090Z,37.4976667,-88.982,6.16,3,mlg,30,70,,0.31,nm,nm606003,2016-04-08T18:41:13.680Z,"6km S of Goreville, Illinois",earthquake,1.2,2.9,0.173,3,reviewed,nm,nm
2006-04-28T05:35:45.810Z,38.871,-87.5383333,5,2.4,mlg,20,169,,0.48,nm,nm606034,2016-04-08T18:44:33.900Z,"16km SSE of Palestine, Illinois",earthquake,2.8,3.6,0.695,1,reviewed,nm,nm
2006-05-10T11:06:43.650Z,36.814,-84.0323333,8.39,2.1,md,15,146,0.4195,0.21,se,se606207,2016-04-08T19:03:07.050Z,"13km NE of Williamsburg, Kentucky",earthquake,4.8,9.2,0.133,3,reviewed,se,se
2006-05-12T01:51:11.140Z,40.74,-84.08,5,2.8,mblg,6,241.4,,,us,usp000egx0,2014-11-07T01:29:05.869Z,Ohio,earthquake,,,,,reviewed,ogso,ogso
2006-07-15T07:05:28.030Z,37.2433333,-87.2255,14.53,2.3,md,18,123,,0.32,se,se606082,2016-04-27T13:56:15.650Z,"5km SW of Morehead, Kentucky",earthquake,1.4,1.9,0.966,3,reviewed,se,se
2006-08-15T06:08:54.940Z,40.71,-84.11,5,2.5,mblg,7,162,,,us,usp000eqzg,2014-11-07T01:29:58.207Z,Ohio,earthquake,,,,,reviewed,ogso,ogso
2007-01-10T04:39:16.060Z,38.3181667,-88.2415,17.29,1.8,md,12,115,,0.34,nm,nm606251,2016-04-08T17:39:35.890Z,"12km ESE of Fairfield, Illinois",earthquake,1.7,2.3,0.021,1,reviewed,nm,nm
2007-01-31T23:47:42.530Z,36.9055,-89.0111667,15.99,2.9,mlg,31,65,0.2509,0.33,nm,nm606258,2016-04-08T17:40:21.390Z,"3km N of Bardwell, Kentucky",earthquake,0.8,0.9,0.182,4,reviewed,nm,nm
2007-07-17T02:49:20.600Z,36.9696667,-83.7101667,2.63,2.3,md,17,127,0.4442,0.17,se,se606536,2016-04-08T18:10:15.120Z,"19km NE of Barbourville, Kentucky",earthquake,2.2,3.9,0.117,2,reviewed,se,se
2007-09-14T09:24:33.450Z,36.9775,-88.9811667,7.7,2.6,md,25,143,0.1901,0.17,nm,nm606419,2016-04-08T17:57:45.730Z,"9km E of Wickliffe, Kentucky",earthquake,2.2,6,0.107,2,reviewed,nm,nm
2007-11-28T04:16:47.500Z,39.0625,-87.6615,3.16,2.5,mlg,11,122,,0.24,nm,nm606458,2016-04-08T18:02:00.510Z,"7km NNW of Palestine, Illinois",earthquake,2.1,3.1,0.528,1,reviewed,nm,nm
2008-01-01T10:59:53.040Z,37.0391667,-88.894,3.97,2.5,md,22,109,0.1015,0.12,nm,nm606571,2016-04-08T16:45:58.410Z,"8km ESE of La Center, Kentucky",earthquake,1.2,0.8,0.049,2,reviewed,nm,nm
2008-04-18T09:36:59.110Z,38.4515,-87.8861667,14.25,5.2,mw,16,86,,0.2,nm,nm606657,2016-11-10T01:54:52.897Z,"11km WNW of Mount Carmel, Illinois",earthquake,1.3,1.3,,,reviewed,nm,nm
2008-04-18T09:59:31.120Z,38.469,-87.795,10,2.6,mblg,10,83,,0.84,us,usp000g47x,2014-11-07T01:35:40.001Z,Illinois,earthquake,,,,,reviewed,us,us
2008-04-18T10:03:59.620Z,38.4525,-87.86,13.45,2.2,md,10,89,,0.16,nm,nm606658,2016-04-08T16:55:15.160Z,"9km WNW of Mount Carmel, Illinois",earthquake,1.3,1.5,0.016,1,reviewed,nm,nm
2008-04-18T10:06:06.120Z,38.441,-87.8748333,19.06,1.9,md,5,130,,0.17,nm,nm606660,2016-04-08T16:55:27.660Z,"10km WNW of Mount Carmel, Illinois",earthquake,1.8,1.7,0.023,1,reviewed,nm,nm
2008-04-18T10:15:31.350Z,38.4541667,-87.8443333,16.4,1.6,md,7,111,,0.05,nm,nm606661,2016-04-08T16:55:33.870Z,"8km WNW of Mount Carmel, Illinois",earthquake,2.3,2.4,0.046,1,reviewed,nm,nm
2008-04-18T10:36:32.760Z,38.4566667,-87.8656667,18.28,2.5,md,11,89,,0.17,nm,nm606662,2016-04-08T16:55:40.110Z,"10km WNW of Mount Carmel, Illinois",earthquake,1.2,1.2,0.407,2,reviewed,nm,nm
2008-04-18T10:37:26.410Z,38.4811667,-87.856,14.22,2.1,md,4,133,,0.12,nm,nm606663,2016-04-08T16:55:46.400Z,"11km NW of Mount Carmel, Illinois",earthquake,2.3,2.8,0.004,1,reviewed,nm,nm
2008-04-18T10:44:10.580Z,38.4521667,-87.852,16.15,1.6,md,6,134,,0.21,nm,nm606664,2016-04-08T16:55:52.580Z,"9km WNW of Mount Carmel, Illinois",earthquake,1.6,1.7,0.028,1,reviewed,nm,nm
2008-04-18T10:46:24.040Z,38.4425,-87.8763333,17.8,2.2,md,8,86,,0.17,nm,nm606665,2016-04-08T16:55:58.830Z,"10km WNW of Mount Carmel, Illinois",earthquake,1,1.2,0.049,1,reviewed,nm,nm
2008-04-18T10:57:47.420Z,38.4331667,-87.9218333,17.17,1.5,md,7,124,,0.24,nm,nm606666,2016-04-08T16:56:05.090Z,"13km ENE of Albion, Illinois",earthquake,1.4,1.7,0.001,1,reviewed,nm,nm
2008-04-18T11:25:25.520Z,38.4533333,-87.8745,15.33,1.2,md,7,115,,0.09,nm,nm606667,2016-04-08T16:56:11.340Z,"10km WNW of Mount Carmel, Illinois",earthquake,1.1,1.7,0.041,1,reviewed,nm,nm
2008-04-18T11:55:57.560Z,38.4411667,-87.8833333,14.17,2.7,md,11,85,,0.11,nm,nm606668,2016-04-08T16:56:17.580Z,"11km WNW of Mount Carmel, Illinois",earthquake,1.4,1.6,0.347,2,reviewed,nm,nm
2008-04-18T15:14:17.210Z,38.4585,-87.8691667,15.46,4.7,mw,16,89,,0.28,nm,nm606669,2016-11-10T01:54:53.381Z,"10km WNW of Mount Carmel, Illinois",earthquake,0.8,0.9,,,reviewed,nm,nm
2008-04-19T03:05:53.250Z,38.4383333,-87.888,14.31,2.7,mlg,9,105,,0.17,nm,nm606670,2016-04-08T16:56:30.240Z,"11km WNW of Mount Carmel, Illinois",earthquake,1,1.5,0.189,1,reviewed,nm,nm
2008-04-19T09:46:43.530Z,38.4443333,-87.8541667,14.39,1.3,md,7,113,,0.11,nm,nm606671,2016-04-08T16:56:36.500Z,"8km WNW of Mount Carmel, Illinois",earthquake,1.4,1.7,0.027,1,reviewed,nm,nm
2008-04-19T12:45:37.710Z,38.4475,-87.9053333,15.43,1.7,md,7,121,,0.15,nm,nm606672,2016-04-08T16:56:42.740Z,"13km WNW of Mount Carmel, Illinois",earthquake,1.1,1.6,0.012,1,reviewed,nm,nm
2008-04-19T16:55:17.230Z,38.44,-87.8976667,14.48,2.8,md,10,103,,0.12,nm,nm606673,2016-04-08T16:56:48.980Z,"12km WNW of Mount Carmel, Illinois",earthquake,1.2,1.6,0.232,2,reviewed,nm,nm
2008-04-20T05:02:41.700Z,38.4391667,-87.8465,16.23,2.8,mlg,9,88,,0.12,nm,nm606675,2016-04-08T16:57:01.800Z,"8km WNW of Mount Carmel, Illinois",earthquake,1.1,1.3,0.076,1,reviewed,nm,nm
2008-04-20T05:31:42.430Z,38.4525,-87.8761667,14.36,1.7,md,6,131,,0.13,nm,nm606676,2016-04-08T16:57:08.100Z,"11km WNW of Mount Carmel, Illinois",earthquake,1.3,1.7,0.014,1,reviewed,nm,nm
2008-04-20T06:32:02.280Z,38.4421667,-87.844,16.54,1,md,6,134,,0.18,nm,nm606677,2016-04-08T16:57:14.330Z,"8km WNW of Mount Carmel, Illinois",earthquake,1.4,1.7,0.018,1,reviewed,nm,nm
2008-04-20T09:59:44.330Z,38.4581667,-87.8435,13.78,1.3,md,6,136,,0.2,nm,nm606678,2016-04-08T16:57:20.560Z,"8km NW of Mount Carmel, Illinois",earthquake,2,2.6,0.024,1,reviewed,nm,nm
2008-04-20T10:34:26.000Z,38.4423333,-87.897,17.13,2.3,md,9,120,,0.13,nm,nm606679,2016-04-08T16:57:26.790Z,"12km WNW of Mount Carmel, Illinois",earthquake,1.1,1.2,0.04,1,reviewed,nm,nm
2008-04-21T05:38:30.260Z,38.4475,-87.8755,18.29,4,mw,11,87,,0.15,nm,nm606680,2016-04-08T17:09:38.071Z,"10km WNW of Mount Carmel, Illinois",earthquake,0.6,0.8,,,reviewed,nm,nm
2008-04-21T07:58:45.510Z,38.4491667,-87.8811667,17.25,2.2,md,9,86,,0.22,nm,nm606681,2016-04-08T16:57:39.390Z,"11km WNW of Mount Carmel, Illinois",earthquake,1.2,1.3,0.017,1,reviewed,nm,nm
2008-04-21T09:45:11.510Z,38.44,-87.8986667,17.07,1.2,md,6,120,,0.22,nm,nm606682,2016-04-08T16:57:45.660Z,"12km WNW of Mount Carmel, Illinois",earthquake,1.5,2.4,0.016,1,reviewed,nm,nm
2008-04-22T08:01:00.090Z,38.4631667,-87.8975,13.7,1.6,md,7,119,,0.08,nm,nm606683,2016-04-08T16:57:51.890Z,"13km WNW of Mount Carmel, Illinois",earthquake,1.4,1.7,0.027,1,reviewed,nm,nm
2008-04-23T01:32:33.480Z,38.4511667,-87.879,16.57,2.1,md,8,116,,0.12,nm,nm606686,2016-04-08T16:58:11.390Z,"11km WNW of Mount Carmel, Illinois",earthquake,1.4,1.7,0.014,1,reviewed,nm,nm
2008-04-24T11:44:24.440Z,38.4543333,-87.8981667,18.29,2.6,md,10,85,,0.12,nm,nm606692,2016-04-08T16:58:49.900Z,"12km WNW of Mount Carmel, Illinois",earthquake,1,1.3,0.012,1,reviewed,nm,nm
2008-04-25T17:31:00.500Z,38.4505,-87.873,12.98,3.7,mw,9,87,,0.15,nm,nm606695,2016-04-08T17:00:33.229Z,"10km WNW of Mount Carmel, Illinois",earthquake,1,1.2,0.386,1,reviewed,nm,nm
2008-04-28T21:46:59.020Z,38.4455,-87.8493333,14.11,1.7,md,6,134,,0.16,nm,nm606698,2016-04-08T16:59:28.710Z,"8km WNW of Mount Carmel, Illinois",earthquake,1.7,1.8,0.046,1,reviewed,nm,nm
2008-04-30T19:29:18.790Z,38.4521667,-87.8731667,15.37,2.6,md,9,87,,0.14,nm,nm606700,2016-04-08T16:59:41.520Z,"10km WNW of Mount Carmel, Illinois",earthquake,1.2,1.5,0.002,1,reviewed,nm,nm
2008-05-01T05:30:37.680Z,38.4526667,-87.8591667,14.32,3.3,mlg,10,89,,0.2,nm,nm606701,2016-04-08T16:59:47.790Z,"9km WNW of Mount Carmel, Illinois",earthquake,0.9,1.1,0.236,1,reviewed,nm,nm
2008-05-03T00:34:19.520Z,38.4465,-87.8558333,16.06,1.4,md,6,113,,0.06,nm,nm606702,2016-04-08T16:59:54.090Z,"9km WNW of Mount Carmel, Illinois",earthquake,2.2,2.5,0.031,1,reviewed,nm,nm
2008-05-29T10:49:27.560Z,38.4425,-87.8631667,13.98,2,md,9,87,,0.36,nm,nm606716,2016-04-08T17:01:23.780Z,"9km WNW of Mount Carmel, Illinois",earthquake,1,1.2,0.04,1,reviewed,nm,nm
2008-06-01T14:56:12.370Z,38.4531667,-87.8516667,14.19,1.6,md,8,112,,0.23,nm,nm606717,2016-04-08T17:01:30.060Z,"9km WNW of Mount Carmel, Illinois",earthquake,1.4,1.5,0.027,1,reviewed,nm,nm
2008-06-05T07:13:15.470Z,38.4538333,-87.8436667,16.24,3.4,mw,10,135,,0.16,nm,nm606722,2016-04-08T17:02:02.230Z,"8km WNW of Mount Carmel, Illinois",earthquake,0.8,1.1,,,reviewed,nm,nm
2008-06-24T22:20:09.520Z,38.4486667,-87.864,14.64,2.9,md,12,88,,0.21,nm,nm606731,2016-04-08T17:03:00.440Z,"9km WNW of Mount Carmel, Illinois",earthquake,0.8,0.9,0.023,1,reviewed,nm,nm
2008-07-18T02:58:56.230Z,38.442,-87.8943333,18.28,3.1,mlg,6,119,,0.11,nm,nm606744,2016-04-08T17:04:24.530Z,"12km WNW of Mount Carmel, Illinois",earthquake,1.5,1.5,,,reviewed,nm,nm
2008-09-30T01:06:38.550Z,40.41,-84.31,5,2.8,mblg,23,45.3,,,us,usp000ghzv,2015-03-24T00:57:11.681Z,Ohio,earthquake,,,,,reviewed,ogso,ogso
2008-12-24T12:20:26.200Z,38.3321667,-87.4658333,19.92,1.6,md,7,106,,0.08,nm,nm606821,2016-04-08T17:12:45.290Z,"9km ESE of Princeton, Indiana",earthquake,1.4,2.4,0.013,1,reviewed,nm,nm
2009-05-02T08:41:46.940Z,38.2196667,-87.7543333,13.47,1.1,md,7,94,,0.12,nm,nm606956,2016-04-08T16:10:32.340Z,"6km NNE of Poseyville, Indiana",earthquake,1.3,2.6,0.028,1,reviewed,nm,nm
2009-05-08T08:05:15.460Z,36.9378333,-83.668,14.58,2.3,md,17,124,0.6289,0.32,se,se607152,2016-04-08T16:31:30.260Z,"19km N of Pineville, Kentucky",earthquake,1.5,2.8,0.226,4,reviewed,se,se
2009-06-13T09:52:08.150Z,37.6508333,-88.3391667,4.83,2.3,md,15,94,,0.43,nm,nm606968,2016-04-08T16:11:49.640Z,"15km WSW of Shawneetown, Illinois",earthquake,1.2,2.1,0.426,3,reviewed,nm,nm
2009-09-06T19:46:20.010Z,38.4486667,-87.8615,13.61,2.4,mlg,12,136,,0.26,nm,nm607012,2016-04-08T16:16:33.210Z,"9km WNW of Mount Carmel, Illinois",earthquake,1.2,1.3,0.726,1,reviewed,nm,nm
2010-02-10T09:59:35.140Z,41.969,-88.498,10,3.8,mwr,82,31.2,,,us,usp000h751,2016-04-08T14:19:56.929Z,"8km NW of Village of Campton Hills, Illinois",earthquake,,,,,reviewed,slm,slm
2010-04-24T09:05:33.280Z,38.4195,-87.7426667,7.88,2.4,md,18,60,,0.33,nm,nm607318,2016-04-08T14:24:45.120Z,"1km ENE of Mount Carmel, Illinois",earthquake,0.8,1.4,0.457,2,reviewed,nm,nm
2010-10-16T13:21:06.330Z,37.0531667,-83.8311667,1.89,2,md,11,141,,0.22,se,se608222,2016-04-08T15:59:36.440Z,"12km SSW of Manchester, Kentucky",earthquake,1.6,5.5,0.022,2,reviewed,se,se
2010-12-30T12:55:21.960Z,40.43,-85.914,5,3.8,mwr,75,26.9,,1.06,us,usp000hsa5,2015-03-24T01:37:50.821Z,Indiana,earthquake,,,,,reviewed,us,us
2011-03-25T03:12:04.590Z,37.0461667,-88.7331667,0,2.4,md,15,203,,0.32,nm,nm608732,2016-04-08T13:08:30.660Z,"3km N of Massac, Kentucky",earthquake,3.4,1.8,0.024,1,reviewed,nm,nm
2011-04-26T07:09:46.590Z,40.86,-83.54,5,2.4,mblg,4,149.1,,,us,usp000j0m2,2014-11-07T01:44:38.168Z,Ohio,earthquake,,,,,reviewed,ogso,ogso
2011-05-03T03:02:50.000Z,36.954,-89.121,0,3.1,mblg,31,71,,,us,usp000j0xp,2015-03-24T01:53:08.808Z,Missouri,earthquake,,,,,reviewed,exp,us
2011-09-14T03:20:38.590Z,38.5686667,-88.3006667,27.61,2.7,mlg,19,66,,0.33,nm,nm609010,2016-04-08T13:37:54.060Z,"19km SE of Flora, Illinois",earthquake,0.8,1.2,0.4,2,reviewed,nm,nm
2011-10-10T03:16:02.010Z,37.9733333,-87.5301667,14.89,2.2,mlg,13,94,,0.18,nm,nm609042,2016-04-08T13:41:22.330Z,"2km E of Evansville, Indiana",earthquake,1.1,0.8,,,reviewed,nm,nm
2012-01-26T22:35:55.790Z,41.576,-85.49,4.7,3,mblg,19,66,,1.5,us,usp000je0q,2014-11-07T01:46:50.763Z,Indiana,earthquake,,8.7,,,reviewed,us,ott
2012-04-11T08:02:54.740Z,38.6535,-87.22,11.99,2.2,md,26,61,,0.23,nm,nm609374,2016-04-07T19:23:32.300Z,"4km W of Washington, Indiana",earthquake,0.6,1.7,0.279,3,reviewed,nm,nm
2012-04-18T06:16:35.760Z,37.765,-87.271,15.13,2.5,md,36,36,,0.32,nm,nm609386,2016-04-07T19:24:48.860Z,"13km W of Owensboro, Kentucky",earthquake,0.5,0.7,0.118,3,reviewed,nm,nm
2012-05-10T22:07:19.870Z,38.8166667,-87.4646667,8.89,2.7,mlg,24,46,,0.18,nm,nm609412,2016-04-07T19:27:35.980Z,"14km WNW of Bicknell, Indiana",earthquake,0.5,1.2,0.467,3,reviewed,nm,nm
2012-05-10T22:54:05.570Z,38.8066667,-87.4606667,10.7,3.1,mlg,31,37,,0.25,nm,nm609413,2016-04-07T19:27:42.600Z,"13km WNW of Bicknell, Indiana",earthquake,0.4,0.8,,,reviewed,nm,nm
2012-07-03T08:11:11.360Z,37.1293333,-83.5806667,9.47,1.9,md,15,257,,0.17,se,se609710,2016-04-07T19:59:20.470Z,"16km E of Manchester, Kentucky",earthquake,2.6,6.9,0.113,3,reviewed,se,se
2012-07-15T18:52:37.600Z,38.0116667,-88.9286667,17.53,2.2,mlg,18,46,0.2643,0.16,nm,nm609479,2016-04-07T19:34:47.610Z,"1km NNW of Benton, Illinois",earthquake,0.6,1,0.207,2,reviewed,nm,nm
2012-08-26T09:03:59.070Z,37.176,-83.5511667,14.27,2,md,17,120,,0.28,se,se609720,2016-04-07T20:00:23.890Z,"15km W of Hyden, Kentucky",earthquake,1.3,2.8,0.204,2,reviewed,se,se
2012-10-08T05:28:43.590Z,37.3088333,-83.5046667,9.71,2.3,md,16,88,,0.23,se,se609730,2016-04-07T20:01:26.790Z,"20km NW of Hyden, Kentucky",earthquake,0.9,2.6,0.045,3,reviewed,se,se
2012-11-20T23:28:22.610Z,38.4548333,-87.9018333,18.56,3.6,mlg,33,49,,0.2,nm,nm609594,2016-04-07T19:48:46.538Z,"13km WNW of Mount Carmel, Illinois",earthquake,0.3,0.4,0.792,3,reviewed,nm,nm
2013-01-11T02:28:46.620Z,37.7136667,-88.8971667,15.97,2.7,md,38,71,,0.22,nm,nm609761,2016-04-07T18:24:24.520Z,"3km ESE of Marion, Illinois",earthquake,0.4,0.6,0.202,4,reviewed,nm,nm
2013-04-19T16:48:37.200Z,38.0611667,-88.6161667,13.78,2.2,md,20,62,0.3389,0.35,nm,nm609857,2016-04-07T18:34:41.690Z,"7km WSW of McLeansboro, Illinois",earthquake,0.7,1.3,0.151,7,reviewed,nm,nm
2013-06-05T07:35:17.630Z,38.6,-87.8758333,23.37,1.9,md,12,79,0.1853,0.27,nm,nm609954,2016-04-07T18:44:59.160Z,"13km S of Sumner, Illinois",earthquake,1,1.2,0.115,6,reviewed,nm,nm
2013-06-10T12:29:39.500Z,41.99,-88.509,5,2.6,mblg,19,68,,0.53,us,us2013rgc2,2014-11-07T01:51:03.489Z,"11km WNW of Village of Campton Hills, Illinois",earthquake,,,,,reviewed,us,us
2013-06-30T08:36:37.770Z,38.5241667,-88.0206667,9.58,2.3,md,16,113,,0.21,nm,nm609974,2016-04-07T18:47:06.390Z,"16km N of Albion, Illinois",earthquake,0.8,1.8,0.127,4,reviewed,nm,nm
2013-07-10T22:46:55.470Z,38.4506667,-87.8606667,15.51,1.8,md,10,93,0.06542,0.2,nm,nm609987,2016-04-07T18:48:29.930Z,"9km WNW of Mount Carmel, Illinois",earthquake,1.2,1.5,0.073,2,reviewed,nm,nm
2013-07-18T21:44:38.500Z,38.7015,-83.9453333,4.06,2.4,md,8,90,,0.18,se,se610197,2016-04-07T19:10:43.000Z,"9km SE of Augusta, Kentucky",earthquake,1.1,3.9,0.126,5,reviewed,se,se
2013-07-23T15:00:39.560Z,38.718,-83.957,6,2.4,mblg,13,49,,0.54,us,usb000ileq,2016-04-07T19:11:01.820Z,"7km SE of Augusta, Kentucky",earthquake,,6.2,,,reviewed,us,us
2013-11-02T13:20:27.800Z,38.5713333,-83.7748333,7.77,2.1,md,6,124,0.1463,0.07,se,se610231,2016-04-07T19:14:17.260Z,"8km SSW of Maysville, Kentucky",earthquake,1.4,3.1,0.099,3,reviewed,se,se
2013-11-04T18:35:33.720Z,41.7999,-87.8247,1,3.2,mb_lg,,28,0.383,0.5,us,usb000ksfx,2015-05-21T17:16:39.081Z,"1km NW of Summit, Illinois",earthquake,,2,0.052,,reviewed,us,us
2013-11-22T19:42:11.470Z,38.1091667,-83.519,12.24,2.1,md,8,117,0.1973,0.09,se,se610238,2016-04-07T19:15:01.080Z,"11km SW of Morehead, Kentucky",earthquake,1.2,4.3,0.141,2,reviewed,se,se
2013-12-23T10:58:50.000Z,38.1453,-83.8652,10.3,2.3,md,,86,0.243,1.1,us,usc000lqbl,2016-04-07T19:16:16.780Z,"8km W of Owingsville, Kentucky",earthquake,,1.5,0.2,,reviewed,nm,nm
2014-01-27T00:35:52.620Z,37.0926667,-88.8753333,4.25,2.6,md,24,63,,0.23,nm,nm610269,2016-04-07T17:36:37.350Z,"8km ENE of La Center, Kentucky",earthquake,0.6,0.4,0.298,9,reviewed,nm,nm
2014-09-09T08:16:07.730Z,36.9035,-84.4063333,9.47,2.3,md,23,48,0.3652,0.16,se,se610654,2016-04-07T18:19:01.700Z,"20km NNE of Whitley City, Kentucky",earthquake,1.2,2.2,0.199,5,reviewed,se,se
2014-10-05T01:23:21.950Z,36.8095,-84.0031667,9.5,2.2,md,22,76,0.4223,0.33,se,se610665,2016-04-07T18:20:12.160Z,"12km WSW of Barbourville, Kentucky",earthquake,0.8,3.2,0.17,7,reviewed,se,se
2014-12-07T15:49:35.560Z,36.9981667,-84.0196667,2.86,2.4,md,25,40,0.5902,0.27,se,se610677,2016-04-07T18:21:29.100Z,"7km ENE of North Corbin, Kentucky",earthquake,0.9,5.2,0.088,5,reviewed,se,se
2015-01-27T04:46:11.800Z,38.0515,-89.014,8.8,2.3,md,,57.59999539,0.3683093,0.36,nm,nm60003508,2015-01-29T20:23:52.590Z,"5km SE of Sesser, Illinois",earthquake,0.7,1.5,0,0,reviewed,nm,nm
2015-05-11T08:41:16.980Z,38.6252,-83.6875,9.84,2.5,md,,138,0.205,0.46,us,us20002ep2,2015-07-17T07:06:08.040Z,"5km ESE of Maysville, Kentucky",earthquake,1.9,7.1,0.08,4,reviewed,nm,nm
2015-05-28T13:48:17.670Z,38.1856667,-87.4288333,15.79,2.31,md,19,65,0.1516,0.19,nm,nm60103036,2015-08-08T00:48:50.040Z,"12km E of Haubstadt, Indiana",earthquake,0.44,0.87,0.025,8,reviewed,nm,nm
2015-05-30T00:41:14.690Z,38.462,-88.3561667,25.85,3.4,mlg,23,63,0.08472,0.3,nm,nm60008708,2016-10-13T15:08:04.910Z,"9km N of Fairfield, Illinois",earthquake,0.55,0.6,,0,reviewed,nm,nm
2015-06-12T22:00:48.000Z,40.955,-84.762,5,2.6,mb_lg,,,,0.65,us,us20002pmu,2015-08-20T00:43:55.040Z,"6km NW of Convoy, Ohio",earthquake,2,2,,,reviewed,oh,oh
2015-08-20T02:45:42.010Z,38.0284,-84.8192,22.44,2.8,md,,40,0.249,0.83,us,us100033nl,2015-11-24T02:09:24.040Z,"6km E of Lawrenceburg, Kentucky",earthquake,2.1,5.9,0.082,10,reviewed,us,nm
2015-08-21T03:04:12.530Z,37.1151667,-88.7756667,1.62,1.91,md,24,105,0.04694,0.27,nm,nm60087617,2015-08-21T13:21:34.120Z,"5km SW of Metropolis, Illinois",earthquake,0.48,1.93,0.05,9,reviewed,nm,nm
2015-09-11T07:10:17.780Z,37.1945,-88.9186667,1.59,2.27,md,32,86,0.1719,0.24,nm,nm60089442,2015-09-11T15:12:52.008Z,"13km NNE of La Center, Kentucky",earthquake,0.4,1.69,0.054,12,reviewed,nm,nm
2015-09-12T17:00:12.770Z,37.7115,-87.6555,16.69,2.31,md,16,56,0.1149,0.23,nm,nm60089567,2015-12-12T00:42:48.040Z,"14km SSW of Henderson, Kentucky",earthquake,0.31,0.38,0.234,6,reviewed,nm,nm
2015-10-06T02:52:13.090Z,38.2915,-85.261,4.16,2.7,md,,46,0.071,0.73,us,us10003km3,2016-01-04T22:29:18.040Z,"9km NNW of Shelbyville, Kentucky",earthquake,2.5,7.5,0.065,7,reviewed,nm,nm
2015-12-09T04:12:25.200Z,36.9531667,-89.0455,8.61,2.59,md,43,71,0.247,0.18,nm,nm60097672,2016-03-02T03:36:40.040Z,"4km ESE of Wickliffe, Kentucky",earthquake,0.42,1.68,0.087,21,reviewed,nm,nm
2016-02-02T08:09:03.740Z,38.4195,-84.4116667,14.47,2.04,md,6,104,0.1528,0.5,se,se60022703,2016-02-02T16:11:44.742Z,"10km WNW of Cynthiana, Kentucky",earthquake,8.85,14.43,0.061,6,reviewed,se,se
2016-02-24T03:30:05.070Z,38.5273333,-83.8283333,8.53,2.4,md,6,125,0.1181,0.17,se,se60023703,2016-02-26T03:41:20.925Z,"14km SSW of Maysville, Kentucky",earthquake,0.52,1.36,0.095,4,reviewed,se,se
2016-04-26T19:24:03.880Z,38.1253333,-83.5151667,12.66,2.29,md,10,84,0.3528,0.05,se,se60025703,2016-04-27T14:00:11.318Z,"9km SW of Morehead, Kentucky",earthquake,0.53,3.61,0.082,4,reviewed,se,se
2016-05-01T06:12:10.030Z,37.2136667,-88.9876667,16.26,3.5,mlg,57,58,0.2251,0.19,nm,nm60114087,2016-07-19T20:03:08.040Z,"15km N of La Center, Kentucky",earthquake,0.24,0.41,,170,reviewed,nm,nm
2016-08-08T12:04:49.920Z,38.3113333,-88.183,22.21,2.37,md,15,61,0.1769,0.1,nm,nm60128017,2016-10-26T03:10:22.040Z,"13km WSW of Albion, Illinois",earthquake,0.25,0.56,0.146,3,reviewed,nm,nm
2016-08-11T07:23:23.800Z,38.4865,-87.8511667,17.85,2.48,md,23,66,0.07861,0.11,nm,nm60154551,2016-10-26T03:10:26.040Z,"11km NW of Mount Carmel, Illinois",earthquake,0.18,0.22,0.058,13,reviewed,nm,nm
2016-08-11T23:10:41.740Z,38.125,-88.4015,10.26,2.44,md,36,38,0.2561,0.23,nm,nm60154691,2016-08-12T13:14:03.270Z,"12km ENE of McLeansboro, Illinois",earthquake,0.31,0.98,0.087,8,reviewed,nm,nm
